timestamp,open,high,low,close,volume,turnover
2026-03-22 03:04:00,2097.19,2098.14,2097.18,2097.89,172.22,361232.9094
2026-03-22 03:05:00,2097.89,2098.73,2097.1,2098.73,294.43,617671.8332
2026-03-22 03:06:00,2098.73,2099.04,2098.1,2098.76,205.8,431891.3657
2026-03-22 03:07:00,2098.76,2100.11,2098.76,2099.8,133.41,280109.7421
2026-03-22 03:08:00,2099.8,2101.37,2099.8,2101.0,423.82,890422.7343
2026-03-22 03:09:00,2101.0,2101.4,2101.0,2101.18,114.89,241416.7675
2026-03-22 03:10:00,2101.18,2103.0,2101.15,2102.91,224.83,472726.9663
2026-03-22 03:11:00,2102.91,2104.88,2102.91,2103.81,420.09,883784.5518
2026-03-22 03:12:00,2103.81,2104.76,2103.5,2104.4,802.28,1688056.5429
2026-03-22 03:13:00,2104.4,2104.41,2102.77,2103.6,187.2,393784.7037
2026-03-22 03:14:00,2103.6,2103.96,2103.12,2103.13,545.87,1148346.6825
2026-03-22 03:15:00,2103.13,2104.43,2103.0,2104.43,214.94,452175.5705
2026-03-22 03:16:00,2104.43,2105.24,2103.0,2103.0,442.8,931752.1325
2026-03-22 03:17:00,2103.0,2103.01,2101.9,2102.56,208.39,438120.7573
2026-03-22 03:18:00,2102.56,2102.79,2102.21,2102.21,194.12,408137.5391
2026-03-22 03:19:00,2102.21,2104.97,2102.16,2104.67,428.79,902247.1256
2026-03-22 03:20:00,2104.67,2105.51,2104.5,2104.75,605.14,1273766.5402
2026-03-22 03:21:00,2104.75,2104.75,2102.78,2103.1,61.61,129594.9233
2026-03-22 03:22:00,2103.1,2104.54,2103.1,2104.18,235.07,494578.8064
2026-03-22 03:23:00,2104.18,2104.21,2103.32,2103.91,145.02,305110.8333
2026-03-22 03:24:00,2103.91,2104.94,2103.38,2104.45,475.92,1001251.4812
2026-03-22 03:25:00,2104.45,2105.24,2104.03,2104.68,366.15,770573.9285
2026-03-22 03:26:00,2104.68,2106.79,2104.58,2106.6,551.33,1161021.6285
2026-03-22 03:27:00,2106.6,2114.73,2105.52,2113.3,9248.8,19528010.5293
2026-03-22 03:28:00,2113.3,2118.54,2111.52,2112.9,5609.41,11865661.742
2026-03-22 03:29:00,2112.9,2116.78,2112.54,2112.8,999.76,2113932.4011
2026-03-22 03:30:00,2112.8,2118.1,2112.8,2115.54,1654.89,3501159.7278
2026-03-22 03:31:00,2115.54,2116.75,2112.96,2113.58,1393.26,2946967.4593
2026-03-22 03:32:00,2113.58,2113.59,2112.26,2112.86,468.52,989904.1221
2026-03-22 03:33:00,2112.86,2112.96,2111.56,2112.56,455.45,962012.8301
2026-03-22 03:34:00,2112.56,2117.96,2112.19,2115.52,2148.45,4542860.8966
2026-03-22 03:35:00,2115.52,2126.05,2114.75,2123.27,14759.59,31326157.7817
2026-03-22 03:36:00,2123.27,2126.7,2118.59,2119.79,3418.37,7254677.1933
2026-03-22 03:37:00,2119.79,2123.25,2119.79,2120.4,892.58,1893798.8619
2026-03-22 03:38:00,2120.4,2120.48,2118.19,2118.19,769.39,1630794.7611
2026-03-22 03:39:00,2118.19,2119.48,2116.91,2119.01,848.08,1796364.7326
2026-03-22 03:40:00,2119.01,2119.01,2116.86,2116.86,330.16,699240.2254
2026-03-22 03:41:00,2116.86,2118.34,2116.6,2118.33,252.88,535514.9801
2026-03-22 03:42:00,2118.33,2118.53,2117.31,2118.06,290.86,615975.3187
2026-03-22 03:43:00,2118.06,2118.29,2115.73,2116.62,530.12,1122184.8587
2026-03-22 03:44:00,2116.62,2117.46,2116.54,2117.39,360.1,762266.465
2026-03-22 03:45:00,2117.39,2118.22,2116.64,2117.3,579.37,1226803.5261
2026-03-22 03:46:00,2117.3,2117.3,2115.0,2115.74,295.64,625487.8409
2026-03-22 03:47:00,2115.74,2115.74,2114.45,2114.65,739.27,1563662.5391
2026-03-22 03:48:00,2114.65,2114.72,2113.17,2113.6,1012.25,2139955.6956
2026-03-22 03:49:00,2113.6,2115.18,2113.6,2114.82,550.64,1164317.2033
2026-03-22 03:50:00,2114.82,2114.82,2114.06,2114.19,341.09,721175.3674
2026-03-22 03:51:00,2114.19,2114.2,2111.49,2112.39,1186.16,2505668.3349
2026-03-22 03:52:00,2112.39,2113.71,2111.79,2112.3,625.76,1321864.8992
2026-03-22 03:53:00,2112.3,2113.33,2111.67,2112.98,796.46,1682308.885
2026-03-22 03:54:00,2112.98,2114.38,2112.33,2112.83,509.01,1075779.7758
2026-03-22 03:55:00,2112.83,2113.27,2112.44,2113.07,387.08,817827.7027
2026-03-22 03:56:00,2113.07,2114.46,2112.6,2112.79,533.49,1127526.3789
2026-03-22 03:57:00,2112.79,2113.46,2112.52,2113.28,119.17,251769.6631
2026-03-22 03:58:00,2113.28,2113.49,2112.97,2113.01,119.26,252022.8395
2026-03-22 03:59:00,2113.01,2113.2,2112.61,2112.98,167.71,354358.7995
2026-03-22 04:00:00,2112.98,2113.52,2112.22,2113.5,495.62,1047170.6444
2026-03-22 04:01:00,2113.5,2115.84,2113.17,2115.66,964.12,2038554.1161
2026-03-22 04:02:00,2115.66,2115.88,2114.82,2115.54,523.35,1107091.8815
2026-03-22 04:03:00,2115.54,2116.8,2115.54,2116.51,434.47,919494.6583
2026-03-22 04:04:00,2116.51,2117.31,2115.28,2116.5,1992.09,4216132.8901
2026-03-22 04:05:00,2116.5,2117.54,2116.14,2117.36,277.79,588114.578
2026-03-22 04:06:00,2117.36,2121.54,2117.0,2120.52,3054.87,6474441.638
2026-03-22 04:07:00,2120.52,2120.52,2117.05,2118.31,804.63,1704316.0415
2026-03-22 04:08:00,2118.31,2118.35,2117.51,2117.67,134.68,285240.798
2026-03-22 04:09:00,2117.67,2118.04,2116.88,2117.54,252.95,535635.0031
2026-03-22 04:10:00,2117.54,2117.57,2114.16,2114.4,758.98,1605614.4034
2026-03-22 04:11:00,2114.4,2114.95,2114.39,2114.71,153.3,324186.2274
2026-03-22 04:12:00,2114.71,2115.74,2114.59,2115.09,354.32,749449.5603
2026-03-22 04:13:00,2115.09,2115.13,2114.4,2114.7,281.61,595584.7796
2026-03-22 04:14:00,2114.7,2115.64,2114.44,2115.64,129.19,273210.4805
2026-03-22 04:15:00,2115.64,2120.0,2115.63,2119.9,2658.76,5629617.8793
2026-03-22 04:16:00,2119.9,2122.35,2118.76,2118.96,2426.38,5144978.2103
2026-03-22 04:17:00,2118.96,2120.04,2116.95,2117.7,419.23,888156.9437
2026-03-22 04:18:00,2117.7,2117.7,2116.18,2116.71,536.18,1134923.116
2026-03-22 04:19:00,2116.71,2116.71,2114.71,2115.19,2124.72,4495241.565
2026-03-22 04:20:00,2115.19,2115.44,2114.7,2115.29,311.44,658760.7332
2026-03-22 04:21:00,2115.29,2115.29,2110.0,2110.72,2271.64,4796642.1068
2026-03-22 04:22:00,2110.72,2111.3,2105.16,2106.97,16401.65,34575199.914
2026-03-22 04:23:00,2106.97,2108.85,2106.45,2108.85,796.02,1677929.5494
2026-03-22 04:24:00,2108.85,2111.16,2108.82,2111.16,3106.05,6553744.2039
2026-03-22 04:25:00,2111.16,2112.19,2110.01,2110.54,1210.02,2554613.8581
2026-03-22 04:26:00,2110.54,2111.77,2110.44,2110.45,231.01,487686.4133
2026-03-22 04:27:00,2110.45,2110.81,2110.13,2110.69,539.89,1139409.8719
2026-03-22 04:28:00,2110.69,2110.84,2109.9,2110.64,651.73,1375341.6991
2026-03-22 04:29:00,2110.64,2111.91,2110.43,2111.81,534.92,1129340.671
2026-03-22 04:30:00,2111.81,2113.28,2111.52,2112.22,640.8,1353600.8375
2026-03-22 04:31:00,2112.22,2112.24,2109.0,2109.48,378.1,798102.9815
2026-03-22 04:32:00,2109.48,2115.45,2109.35,2114.12,2251.73,4756917.8157
2026-03-22 04:33:00,2114.12,2115.51,2113.0,2114.9,515.47,1089887.2188
2026-03-22 04:34:00,2114.9,2118.0,2114.82,2116.84,1156.05,2446692.7819
2026-03-22 04:35:00,2116.84,2118.94,2115.84,2115.84,722.3,1529514.9714
2026-03-22 04:36:00,2115.84,2117.55,2115.44,2115.62,402.62,852102.3438
2026-03-22 04:37:00,2115.62,2118.41,2114.63,2118.16,1246.92,2638816.6427
2026-03-22 04:38:00,2118.16,2118.16,2115.6,2115.9,258.97,548097.348
2026-03-22 04:39:00,2115.9,2117.74,2115.57,2116.47,791.37,1674735.7305
2026-03-22 04:40:00,2116.47,2116.5,2115.43,2115.56,196.51,415817.6993
2026-03-22 04:41:00,2115.56,2115.73,2115.26,2115.49,105.76,223733.864
2026-03-22 04:42:00,2115.49,2115.93,2115.4,2115.6,79.33,167829.2818
2026-03-22 04:43:00,2115.6,2115.83,2115.01,2115.83,79.14,167413.6214
2026-03-22 04:44:00,2115.83,2116.5,2115.81,2115.81,57.76,122218.0363
2026-03-22 04:45:00,2115.81,2119.6,2115.81,2118.32,1692.89,3586365.1178
2026-03-22 04:46:00,2118.32,2121.0,2117.87,2118.56,1717.25,3639450.8924
2026-03-22 04:47:00,2118.56,2118.66,2117.64,2117.98,161.69,342439.6356
2026-03-22 04:48:00,2117.98,2118.33,2117.6,2118.0,149.42,316457.898
2026-03-22 04:49:00,2118.0,2119.59,2116.52,2117.9,966.52,2047112.5355
2026-03-22 04:50:00,2117.9,2119.63,2117.7,2119.29,1389.81,2944513.1676
2026-03-22 04:51:00,2119.29,2119.92,2118.66,2118.9,440.99,934549.0048
2026-03-22 04:52:00,2118.9,2119.78,2117.61,2117.74,682.91,1447189.1239
2026-03-22 04:53:00,2117.74,2118.39,2117.6,2118.39,84.59,179152.5441
2026-03-22 04:54:00,2118.39,2118.98,2118.31,2118.48,409.76,868147.1167
2026-03-22 04:55:00,2118.48,2119.26,2118.48,2118.86,626.19,1326944.2407
2026-03-22 04:56:00,2118.86,2118.86,2117.61,2118.68,386.64,818982.1918
2026-03-22 04:57:00,2118.68,2118.98,2117.68,2118.19,187.48,397150.2788
2026-03-22 04:58:00,2118.19,2118.36,2117.19,2118.35,829.24,1756089.2346
2026-03-22 04:59:00,2118.35,2118.36,2117.17,2118.19,231.76,490831.5887
2026-03-22 05:00:00,2118.19,2118.46,2115.52,2115.64,241.63,511493.818
2026-03-22 05:01:00,2115.64,2116.4,2115.06,2115.14,236.01,499325.1968
2026-03-22 05:02:00,2115.14,2117.86,2115.14,2116.84,579.48,1226608.0844
2026-03-22 05:03:00,2116.84,2118.56,2116.67,2118.56,270.32,572412.4459
2026-03-22 05:04:00,2118.56,2118.6,2117.06,2118.29,94.97,201138.4797
2026-03-22 05:05:00,2118.29,2119.75,2118.15,2118.56,249.77,529231.0491
2026-03-22 05:06:00,2118.56,2118.56,2117.17,2117.3,39.05,82700.9086
2026-03-22 05:07:00,2117.3,2117.32,2115.8,2116.12,150.24,317987.9086
2026-03-22 05:08:00,2116.12,2116.6,2115.63,2116.59,247.56,523843.5255
2026-03-22 05:09:00,2116.59,2118.5,2116.41,2116.49,337.06,713723.7096
2026-03-22 05:10:00,2116.49,2116.57,2115.8,2116.35,89.93,190305.4225
2026-03-22 05:11:00,2116.35,2118.13,2116.34,2117.08,382.35,809592.424
2026-03-22 05:12:00,2117.08,2117.49,2116.58,2117.49,79.52,168344.0318
2026-03-22 05:13:00,2117.49,2118.79,2116.95,2117.8,477.24,1010719.8193
2026-03-22 05:14:00,2117.8,2117.81,2117.27,2117.27,78.57,166364.9011
2026-03-22 05:15:00,2117.27,2117.61,2115.8,2115.81,403.41,854013.4284
2026-03-22 05:16:00,2115.81,2116.4,2115.14,2115.86,655.53,1386819.9287
2026-03-22 05:17:00,2115.86,2117.2,2115.47,2115.56,644.59,1364258.0151
2026-03-22 05:18:00,2115.56,2118.1,2115.56,2117.83,1177.32,2491796.4911
2026-03-22 05:19:00,2117.83,2118.47,2116.2,2116.78,128.63,272341.3013
2026-03-22 05:20:00,2116.78,2117.29,2115.79,2115.79,248.47,525895.6648
2026-03-22 05:21:00,2115.79,2116.62,2115.08,2116.3,316.16,668968.5703
2026-03-22 05:22:00,2116.3,2116.31,2115.29,2115.41,141.19,298717.0821
2026-03-22 05:23:00,2115.41,2116.3,2114.64,2114.94,842.0,1781187.763
2026-03-22 05:24:00,2114.94,2116.29,2114.7,2116.1,746.4,1578953.8521
2026-03-22 05:25:00,2116.1,2117.19,2115.73,2116.9,519.28,1099032.1202
2026-03-22 05:26:00,2116.9,2117.8,2115.32,2117.58,501.21,1060751.2791
2026-03-22 05:27:00,2117.58,2118.09,2117.45,2117.46,292.56,619565.5108
2026-03-22 05:28:00,2117.46,2117.46,2115.91,2115.91,283.17,599577.433
2026-03-22 05:29:00,2115.91,2115.92,2113.64,2115.25,805.8,1703824.0996
2026-03-22 05:30:00,2115.25,2117.18,2115.24,2117.09,646.57,1368311.9887
2026-03-22 05:31:00,2117.09,2117.26,2115.41,2116.96,565.24,1196376.941
2026-03-22 05:32:00,2116.96,2117.19,2115.7,2117.03,547.06,1157754.014
2026-03-22 05:33:00,2117.03,2117.11,2115.91,2115.91,97.3,205941.1157
2026-03-22 05:34:00,2115.91,2116.24,2114.83,2114.83,99.15,209775.0775
2026-03-22 05:35:00,2114.83,2114.84,2113.54,2113.54,249.62,527701.7411
2026-03-22 05:36:00,2113.54,2114.72,2113.54,2113.86,492.58,1041290.7697
2026-03-22 05:37:00,2113.86,2114.27,2113.14,2114.27,486.99,1029261.4311
2026-03-22 05:38:00,2114.27,2114.91,2113.36,2114.45,773.51,1635357.0548
2026-03-22 05:39:00,2114.45,2114.67,2113.73,2114.09,416.17,879832.0133
2026-03-22 05:40:00,2114.09,2115.46,2114.09,2115.25,542.96,1148234.662
2026-03-22 05:41:00,2115.25,2115.26,2114.68,2114.92,80.66,170588.6042
2026-03-22 05:42:00,2114.92,2115.4,2114.18,2115.29,348.63,737402.5922
2026-03-22 05:43:00,2115.29,2115.3,2114.16,2114.35,391.92,828861.5331
2026-03-22 05:44:00,2114.35,2114.68,2113.34,2113.4,266.78,564015.3465
2026-03-22 05:45:00,2113.4,2115.59,2113.13,2114.96,260.14,550074.9454
2026-03-22 05:46:00,2114.96,2115.31,2114.59,2114.65,70.03,148113.7307
2026-03-22 05:47:00,2114.65,2116.77,2114.63,2116.72,427.25,903875.5215
2026-03-22 05:48:00,2116.72,2116.72,2114.88,2114.89,187.07,395830.8443
2026-03-22 05:49:00,2114.89,2114.89,2113.9,2114.75,120.06,253830.736
2026-03-22 05:50:00,2114.75,2115.09,2113.62,2114.04,130.19,275244.3951
2026-03-22 05:51:00,2114.04,2115.12,2113.76,2114.6,509.57,1077528.318
2026-03-22 05:52:00,2114.6,2114.86,2113.37,2113.69,98.42,208064.1208
2026-03-22 05:53:00,2113.69,2114.13,2113.27,2113.7,373.6,789653.2587
2026-03-22 05:54:00,2113.7,2113.71,2113.07,2113.07,160.08,338284.3767
2026-03-22 05:55:00,2113.07,2113.15,2112.3,2113.02,358.98,758448.2548
2026-03-22 05:56:00,2113.02,2113.02,2110.85,2111.95,1120.75,2366513.1052
2026-03-22 05:57:00,2111.95,2113.02,2111.8,2112.5,364.14,769253.4893
2026-03-22 05:58:00,2112.5,2112.77,2111.9,2112.13,79.13,167157.8995
2026-03-22 05:59:00,2112.13,2112.13,2111.33,2111.95,388.86,821142.5589
2026-03-22 06:00:00,2111.95,2111.96,2109.99,2110.37,724.8,1529815.5518
2026-03-22 06:01:00,2110.37,2110.83,2108.0,2108.75,744.14,1569669.3068
2026-03-22 06:02:00,2108.75,2109.5,2107.55,2109.07,671.34,1415499.3353
2026-03-22 06:03:00,2109.07,2111.16,2109.07,2110.49,264.14,557392.8517
2026-03-22 06:04:00,2110.49,2110.84,2110.23,2110.67,223.8,472354.7217
2026-03-22 06:05:00,2110.67,2110.75,2108.72,2108.79,373.96,788864.5103
2026-03-22 06:06:00,2108.79,2109.01,2108.04,2108.04,311.51,656807.3483
2026-03-22 06:07:00,2108.04,2108.24,2106.99,2107.21,576.96,1216013.3262
2026-03-22 06:08:00,2107.21,2107.41,2106.39,2106.57,557.75,1175088.5842
2026-03-22 06:09:00,2106.57,2109.69,2106.57,2109.31,354.5,747194.9296
2026-03-22 06:10:00,2109.31,2111.42,2109.0,2110.96,899.29,1897040.6683
2026-03-22 06:11:00,2110.96,2110.96,2109.51,2110.2,188.27,397234.85
2026-03-22 06:12:00,2110.2,2110.87,2109.33,2109.33,531.75,1122153.2735
2026-03-22 06:13:00,2109.33,2110.0,2108.88,2110.0,241.17,508730.2974
2026-03-22 06:14:00,2110.0,2110.0,2108.78,2108.78,109.46,230905.5358
2026-03-22 06:15:00,2108.78,2109.29,2108.31,2109.19,263.1,554878.4329
2026-03-22 06:16:00,2109.19,2109.9,2108.39,2109.34,134.04,282671.0816
2026-03-22 06:17:00,2109.34,2109.34,2107.27,2107.45,339.9,716640.0936
2026-03-22 06:18:00,2107.45,2108.35,2106.57,2108.35,76.49,161201.9285
2026-03-22 06:19:00,2108.35,2109.94,2108.23,2109.81,139.13,293426.3564
2026-03-22 06:20:00,2109.81,2110.99,2109.8,2110.99,181.21,382392.2144
2026-03-22 06:21:00,2110.99,2111.0,2110.2,2110.75,158.03,333557.6285
2026-03-22 06:22:00,2110.75,2110.75,2108.79,2109.33,308.45,650693.5614
2026-03-22 06:23:00,2109.33,2109.49,2108.51,2108.86,104.97,221371.7661
2026-03-22 06:24:00,2108.86,2109.71,2108.85,2109.7,54.75,115481.6005
2026-03-22 06:25:00,2109.7,2109.78,2107.49,2107.91,1719.04,3624234.4578
2026-03-22 06:26:00,2107.91,2108.06,2107.72,2108.06,176.81,372706.423
2026-03-22 06:27:00,2108.06,2108.76,2108.05,2108.76,54.35,114585.375
2026-03-22 06:28:00,2108.76,2110.3,2108.27,2110.3,153.12,322985.9772
2026-03-22 06:29:00,2110.3,2111.27,2110.3,2111.27,175.9,371307.7898
2026-03-22 06:30:00,2111.27,2112.39,2108.97,2109.22,591.27,1247977.214
2026-03-22 06:31:00,2109.22,2110.4,2108.3,2110.39,386.39,814950.0596
2026-03-22 06:32:00,2110.39,2111.13,2109.47,2109.93,155.82,328858.936
2026-03-22 06:33:00,2109.93,2110.1,2109.12,2109.12,23.21,48966.8278
2026-03-22 06:34:00,2109.12,2109.65,2108.8,2108.8,40.06,84489.8902
2026-03-22 06:35:00,2108.8,2110.42,2108.8,2109.3,64.56,136191.1187
2026-03-22 06:36:00,2109.3,2109.62,2109.09,2109.62,41.01,86506.2827
2026-03-22 06:37:00,2109.62,2110.68,2109.16,2109.16,343.46,724715.9849
2026-03-22 06:38:00,2109.16,2109.89,2108.88,2109.68,72.99,153963.5837
2026-03-22 06:39:00,2109.68,2110.8,2109.68,2110.8,58.83,124158.6409
2026-03-22 06:40:00,2110.8,2110.8,2110.28,2110.44,54.84,115741.3153
2026-03-22 06:41:00,2110.44,2111.05,2110.41,2110.59,99.5,210014.163
2026-03-22 06:42:00,2110.59,2111.08,2110.46,2110.9,78.05,164750.3719
2026-03-22 06:43:00,2110.9,2110.9,2109.68,2110.33,53.33,112535.847
2026-03-22 06:44:00,2110.33,2110.48,2110.33,2110.47,16.64,35117.8458
2026-03-22 06:45:00,2110.47,2110.47,2108.81,2109.18,271.22,572060.4583
2026-03-22 06:46:00,2109.18,2109.22,2108.0,2108.01,395.61,834152.3872
2026-03-22 06:47:00,2108.01,2108.87,2107.82,2108.69,248.63,524192.2961
2026-03-22 06:48:00,2108.69,2109.39,2107.94,2107.95,243.67,513900.4433
2026-03-22 06:49:00,2107.95,2108.05,2107.12,2107.93,513.33,1081804.3755
2026-03-22 06:50:00,2107.93,2108.0,2107.31,2107.31,140.33,295772.0263
2026-03-22 06:51:00,2107.31,2108.47,2106.82,2108.04,166.89,351702.4356
2026-03-22 06:52:00,2108.04,2109.48,2107.94,2108.72,155.04,326954.8769
2026-03-22 06:53:00,2108.72,2108.79,2108.0,2108.25,78.27,165011.8596
2026-03-22 06:54:00,2108.25,2108.46,2107.77,2107.77,127.26,268291.4723
2026-03-22 06:55:00,2107.77,2107.77,2106.6,2107.43,304.12,640796.5865
2026-03-22 06:56:00,2107.43,2107.5,2106.17,2106.47,234.12,493188.7902
2026-03-22 06:57:00,2106.47,2107.5,2106.47,2107.5,252.28,531523.853
2026-03-22 06:58:00,2107.5,2107.94,2107.35,2107.66,334.42,704839.0967
2026-03-22 06:59:00,2107.66,2107.7,2107.37,2107.37,77.5,163341.6436
2026-03-22 07:00:00,2107.37,2107.7,2106.68,2107.67,206.05,434199.2091
2026-03-22 07:01:00,2107.67,2108.89,2107.67,2107.95,123.64,260665.4381
2026-03-22 07:02:00,2107.95,2108.94,2107.31,2108.93,207.13,436671.323
2026-03-22 07:03:00,2108.93,2109.8,2108.78,2109.74,210.28,443560.9165
2026-03-22 07:04:00,2109.74,2109.86,2109.23,2109.44,56.48,119148.192
2026-03-22 07:05:00,2109.44,2109.59,2108.66,2108.67,78.09,164715.5805
2026-03-22 07:06:00,2108.67,2109.31,2108.04,2108.88,61.5,129672.9102
2026-03-22 07:07:00,2108.88,2110.88,2108.88,2109.47,192.73,406675.3266
2026-03-22 07:08:00,2109.47,2109.47,2107.16,2107.35,1137.81,2399068.8572
2026-03-22 07:09:00,2107.35,2108.14,2107.1,2107.26,254.79,537000.4659
2026-03-22 07:10:00,2107.26,2107.53,2106.4,2107.13,171.78,361925.909
2026-03-22 07:11:00,2107.13,2108.03,2107.13,2108.03,149.22,314492.0451
2026-03-22 07:12:00,2108.03,2108.88,2108.02,2108.8,113.34,238974.4809
2026-03-22 07:13:00,2108.8,2109.36,2108.64,2109.36,71.96,151765.8598
2026-03-22 07:14:00,2109.36,2109.37,2108.06,2108.07,119.37,251760.8944
2026-03-22 07:15:00,2108.07,2109.55,2108.07,2108.87,254.48,536750.5507
2026-03-22 07:16:00,2108.87,2109.85,2108.87,2109.72,83.05,175184.962
2026-03-22 07:17:00,2109.72,2109.76,2109.41,2109.76,75.95,160234.3709
2026-03-22 07:18:00,2109.76,2110.69,2108.93,2110.69,411.08,867353.187
2026-03-22 07:19:00,2110.69,2110.69,2109.48,2109.54,63.83,134696.8713
2026-03-22 07:20:00,2109.54,2109.54,2108.82,2109.21,115.87,244385.7118
2026-03-22 07:21:00,2109.21,2109.84,2109.0,2109.82,260.09,548647.9623
2026-03-22 07:22:00,2109.82,2110.13,2109.76,2110.01,100.43,211904.5078
2026-03-22 07:23:00,2110.01,2110.69,2109.42,2110.69,273.54,577131.0296
2026-03-22 07:24:00,2110.69,2110.97,2109.85,2109.85,103.83,219157.0509
2026-03-22 07:25:00,2109.85,2110.67,2109.84,2110.15,126.61,267192.6294
2026-03-22 07:26:00,2110.15,2110.93,2110.0,2110.48,129.37,273040.4478
2026-03-22 07:27:00,2110.48,2110.56,2110.18,2110.4,124.29,262304.075
2026-03-22 07:28:00,2110.4,2111.38,2110.39,2110.85,234.52,495065.0233
2026-03-22 07:29:00,2110.85,2110.9,2109.69,2109.69,114.8,242254.2182
2026-03-22 07:30:00,2109.69,2109.69,2108.91,2109.43,208.74,440271.707
2026-03-22 07:31:00,2109.43,2109.64,2109.13,2109.24,335.98,708708.7693
2026-03-22 07:32:00,2109.24,2109.24,2107.72,2107.73,265.37,559429.541
2026-03-22 07:33:00,2107.73,2107.73,2103.21,2104.24,1619.75,3409584.2246
2026-03-22 07:34:00,2104.24,2105.39,2103.72,2105.39,588.01,1237514.6198
2026-03-22 07:35:00,2105.39,2105.75,2104.74,2105.03,349.67,736126.08
2026-03-22 07:36:00,2105.03,2105.03,2102.51,2103.19,722.78,1520346.3604
2026-03-22 07:37:00,2103.19,2104.62,2102.56,2103.67,902.5,1898304.4893
2026-03-22 07:38:00,2103.67,2104.01,2102.7,2103.22,455.73,958525.1996
2026-03-22 07:39:00,2103.22,2103.6,2097.0,2098.39,6401.66,13442167.3348
2026-03-22 07:40:00,2098.39,2101.08,2097.63,2099.67,1625.7,3412747.5764
2026-03-22 07:41:00,2099.67,2100.99,2098.06,2099.68,1543.53,3241192.4722
2026-03-22 07:42:00,2099.68,2100.61,2098.63,2099.61,1136.12,2385389.7223
2026-03-22 07:43:00,2099.61,2100.13,2097.86,2097.86,931.15,1955071.99
2026-03-22 07:44:00,2097.86,2098.31,2095.58,2097.65,1979.19,4150867.3989
2026-03-22 07:45:00,2097.65,2098.63,2094.13,2096.73,2061.78,4321766.0766
2026-03-22 07:46:00,2096.73,2101.0,2096.73,2101.0,1777.6,3732206.4733
2026-03-22 07:47:00,2101.0,2101.82,2099.16,2099.2,564.69,1186169.4557
2026-03-22 07:48:00,2099.2,2100.25,2098.83,2099.92,236.01,495532.7827
2026-03-22 07:49:00,2099.92,2102.9,2099.91,2102.47,760.76,1599017.187
2026-03-22 07:50:00,2102.47,2103.1,2102.26,2102.88,401.47,844163.8938
2026-03-22 07:51:00,2102.88,2103.34,2102.2,2102.71,202.51,425837.8186
2026-03-22 07:52:00,2102.71,2103.0,2102.21,2102.45,204.1,429139.4696
2026-03-22 07:53:00,2102.45,2102.48,2100.95,2101.23,330.23,693983.0875
2026-03-22 07:54:00,2101.23,2101.23,2100.21,2100.79,225.05,472815.9059
2026-03-22 07:55:00,2100.79,2101.19,2100.31,2100.72,273.55,574639.0591
2026-03-22 07:56:00,2100.72,2100.93,2099.45,2099.62,420.3,882673.2883
2026-03-22 07:57:00,2099.62,2099.63,2095.05,2096.95,2619.08,5492965.5145
2026-03-22 07:58:00,2096.95,2097.29,2092.0,2092.74,3819.38,8000035.6114
2026-03-22 07:59:00,2092.74,2094.44,2091.57,2092.73,2791.06,5841156.4269
2026-03-22 08:00:00,2092.73,2094.13,2090.01,2094.1,2596.86,5431623.79
2026-03-22 08:01:00,2094.1,2094.95,2088.35,2088.8,2700.53,5648891.4209
2026-03-22 08:02:00,2088.8,2089.59,2082.0,2082.24,7597.07,15845071.8083
2026-03-22 08:03:00,2082.24,2086.4,2082.24,2084.81,3659.02,7629487.6888
2026-03-22 08:04:00,2084.81,2087.92,2084.6,2087.61,2028.64,4232029.506
2026-03-22 08:05:00,2087.61,2087.75,2084.6,2086.95,2100.22,4382343.8058
2026-03-22 08:06:00,2086.95,2091.51,2086.31,2090.47,2700.68,5644150.6294
2026-03-22 08:07:00,2090.47,2091.61,2087.07,2087.07,1642.86,3432401.352
2026-03-22 08:08:00,2087.07,2088.0,2085.85,2087.28,1411.63,2946252.114
2026-03-22 08:09:00,2087.28,2089.13,2087.0,2087.0,881.63,1840926.8053
2026-03-22 08:10:00,2087.0,2087.76,2086.32,2087.76,212.23,442923.2539
2026-03-22 08:11:00,2087.76,2089.88,2087.55,2089.3,414.54,865923.9648
2026-03-22 08:12:00,2089.3,2089.94,2089.01,2089.93,206.94,432456.7458
2026-03-22 08:13:00,2089.93,2090.15,2089.39,2089.69,1036.55,2166170.0983
2026-03-22 08:14:00,2089.69,2091.52,2089.69,2091.28,930.87,1946302.7088
2026-03-22 08:15:00,2091.28,2091.52,2090.39,2091.15,234.67,490707.2733
2026-03-22 08:16:00,2091.15,2091.15,2086.58,2089.1,1756.31,3669280.5993
2026-03-22 08:17:00,2089.1,2089.58,2086.24,2086.4,491.61,1026233.2569
2026-03-22 08:18:00,2086.4,2087.39,2083.19,2084.06,1109.0,2312353.2544
2026-03-22 08:19:00,2084.06,2086.0,2083.0,2083.31,753.52,1570631.6407
2026-03-22 08:20:00,2083.31,2086.12,2081.01,2081.98,2460.24,5124996.0606
2026-03-22 08:21:00,2081.98,2083.36,2080.74,2082.51,1457.09,3033219.7183
2026-03-22 08:22:00,2082.51,2082.68,2078.21,2082.48,2554.06,5312381.9794
2026-03-22 08:23:00,2082.48,2083.8,2082.03,2083.65,1935.56,4031610.1647
2026-03-22 08:24:00,2083.65,2085.0,2083.09,2084.97,749.42,1561923.8036
2026-03-22 08:25:00,2084.97,2087.39,2084.97,2086.35,805.44,1680397.2914
2026-03-22 08:26:00,2086.35,2086.35,2075.3,2076.15,5663.67,11769053.7777
2026-03-22 08:27:00,2076.15,2078.85,2075.23,2078.3,1640.95,3408641.9021
2026-03-22 08:28:00,2078.3,2078.3,2073.0,2078.0,3606.16,7482130.7113
2026-03-22 08:29:00,2078.0,2078.91,2076.3,2076.3,886.23,1841445.3931
2026-03-22 08:30:00,2076.3,2078.17,2076.0,2077.75,876.49,1820956.4878
2026-03-22 08:31:00,2077.75,2078.19,2075.26,2078.18,483.84,1004774.474
2026-03-22 08:32:00,2078.18,2082.0,2078.18,2079.77,1332.3,2771654.3016
2026-03-22 08:33:00,2079.77,2079.77,2077.54,2078.07,807.84,1678910.1356
2026-03-22 08:34:00,2078.07,2078.07,2076.33,2076.92,753.7,1565455.6388
2026-03-22 08:35:00,2076.92,2078.64,2075.24,2078.01,1200.39,2492715.8465
2026-03-22 08:36:00,2078.01,2079.53,2077.75,2079.53,298.93,621345.2957
2026-03-22 08:37:00,2079.53,2079.8,2078.22,2079.68,374.13,777851.116
2026-03-22 08:38:00,2079.68,2079.99,2078.95,2079.28,293.11,609463.0854
2026-03-22 08:39:00,2079.28,2080.32,2079.0,2079.23,543.22,1129585.2438
2026-03-22 08:40:00,2079.23,2082.0,2079.0,2081.77,673.33,1401055.4601
2026-03-22 08:41:00,2081.77,2084.03,2081.76,2082.2,766.55,1596644.1519
2026-03-22 08:42:00,2082.2,2083.43,2082.01,2082.97,348.59,726117.4175
2026-03-22 08:43:00,2082.97,2083.5,2082.0,2082.04,236.67,492938.5193
2026-03-22 08:44:00,2082.04,2082.43,2081.24,2082.02,1057.13,2200749.0034
2026-03-22 08:45:00,2082.02,2083.8,2080.81,2083.8,739.27,1539476.1609
2026-03-22 08:46:00,2083.8,2085.21,2082.62,2082.66,1887.44,3933799.2277
2026-03-22 08:47:00,2082.66,2083.3,2082.41,2083.08,430.56,896753.4663
2026-03-22 08:48:00,2083.08,2086.6,2083.07,2085.27,4266.98,8899704.3573
2026-03-22 08:49:00,2085.27,2085.4,2084.36,2084.67,446.01,929899.6553
2026-03-22 08:50:00,2084.67,2085.11,2084.24,2084.51,389.25,811422.1521
2026-03-22 08:51:00,2084.51,2085.34,2083.78,2084.0,539.26,1124070.7462
2026-03-22 08:52:00,2084.0,2084.0,2081.36,2082.0,1773.97,3694616.2213
2026-03-22 08:53:00,2082.0,2084.07,2081.99,2084.07,484.63,1009400.6398
2026-03-22 08:54:00,2084.07,2086.1,2083.5,2084.33,1939.12,4042797.1006
2026-03-22 08:55:00,2084.33,2084.33,2082.09,2082.1,571.65,1190908.3296
2026-03-22 08:56:00,2082.1,2083.98,2081.94,2083.97,341.51,711238.3661
2026-03-22 08:57:00,2083.97,2084.76,2083.61,2084.21,279.61,582720.4455
2026-03-22 08:58:00,2084.21,2086.74,2084.17,2086.56,1005.83,2097767.0722
2026-03-22 08:59:00,2086.56,2087.11,2085.2,2085.41,616.68,1286563.5781
2026-03-22 09:00:00,2085.41,2086.5,2083.81,2086.19,273.75,570711.04
2026-03-22 09:01:00,2086.19,2086.91,2085.48,2085.99,289.44,603778.5496
2026-03-22 09:02:00,2085.99,2086.15,2085.3,2086.15,463.34,966432.5564
2026-03-22 09:03:00,2086.15,2086.28,2084.24,2084.33,1241.58,2588744.0835
2026-03-22 09:04:00,2084.33,2085.25,2083.8,2084.12,450.2,938380.3514
2026-03-22 09:05:00,2084.12,2085.48,2083.83,2085.03,289.84,604225.6696
2026-03-22 09:06:00,2085.03,2088.61,2085.03,2088.08,1054.42,2200552.6021
2026-03-22 09:07:00,2088.08,2089.25,2087.2,2087.93,722.87,1509412.4312
2026-03-22 09:08:00,2087.93,2089.89,2087.93,2089.25,893.06,1865773.0306
2026-03-22 09:09:00,2089.25,2091.06,2089.23,2089.5,1576.27,3294814.1747
2026-03-22 09:10:00,2089.5,2089.87,2089.01,2089.72,288.84,603522.8434
2026-03-22 09:11:00,2089.72,2089.76,2087.59,2088.25,1162.53,2427756.4815
2026-03-22 09:12:00,2088.25,2089.69,2087.58,2089.33,336.06,701869.7199
2026-03-22 09:13:00,2089.33,2091.61,2089.3,2090.65,608.27,1271755.7433
2026-03-22 09:14:00,2090.65,2091.46,2089.84,2091.28,1096.16,2291584.6743
2026-03-22 09:15:00,2091.28,2095.89,2089.62,2091.1,6010.1,12582867.3887
2026-03-22 09:16:00,2091.1,2092.14,2087.59,2088.49,1704.26,3559919.2542
2026-03-22 09:17:00,2088.49,2088.81,2084.15,2084.68,1834.78,3826671.694
2026-03-22 09:18:00,2084.68,2085.01,2079.5,2081.12,3663.97,7628571.1343
2026-03-22 09:19:00,2081.12,2083.14,2080.98,2081.43,1085.06,2259186.6035
2026-03-22 09:20:00,2081.43,2084.11,2079.88,2083.65,689.11,1434559.5178
2026-03-22 09:21:00,2083.65,2084.16,2083.3,2083.98,356.7,743254.1639
2026-03-22 09:22:00,2083.98,2084.15,2082.91,2083.57,372.32,775741.6312
2026-03-22 09:23:00,2083.57,2084.15,2082.01,2082.21,373.89,778868.731
2026-03-22 09:24:00,2082.21,2082.76,2079.71,2081.49,866.11,1802269.0679
2026-03-22 09:25:00,2081.49,2081.5,2078.25,2079.15,1244.09,2586811.1095
2026-03-22 09:26:00,2079.15,2081.05,2078.39,2080.0,336.26,699300.9356
2026-03-22 09:27:00,2080.0,2081.8,2079.61,2081.8,339.86,707239.9271
2026-03-22 09:28:00,2081.8,2082.29,2081.1,2081.87,319.42,664918.4065
2026-03-22 09:29:00,2081.87,2081.87,2080.28,2080.63,303.05,630636.6954
2026-03-22 09:30:00,2080.63,2082.18,2080.44,2082.18,119.62,248975.8088
2026-03-22 09:31:00,2082.18,2083.0,2081.71,2082.87,238.68,497029.2019
2026-03-22 09:32:00,2082.87,2082.87,2081.05,2081.5,78.67,163764.5835
2026-03-22 09:33:00,2081.5,2082.32,2080.69,2081.4,720.57,1499793.3353
2026-03-22 09:34:00,2081.4,2082.97,2080.8,2082.44,262.81,547209.1986
2026-03-22 09:35:00,2082.44,2083.86,2082.3,2083.07,126.59,263719.7064
2026-03-22 09:36:00,2083.07,2083.21,2081.65,2082.7,320.05,666396.3132
2026-03-22 09:37:00,2082.7,2084.44,2082.34,2084.44,219.02,456341.6785
2026-03-22 09:38:00,2084.44,2086.54,2084.44,2085.19,401.75,837820.5645
2026-03-22 09:39:00,2085.19,2085.6,2083.92,2084.58,154.42,321951.4071
2026-03-22 09:40:00,2084.58,2085.55,2084.57,2085.17,120.35,250946.5694
2026-03-22 09:41:00,2085.17,2086.0,2084.64,2084.92,264.94,552464.4388
2026-03-22 09:42:00,2084.92,2085.17,2083.79,2083.79,144.75,301695.3585
2026-03-22 09:43:00,2083.79,2084.59,2083.79,2084.5,156.43,326035.9738
2026-03-22 09:44:00,2084.5,2084.5,2083.14,2083.89,398.02,829306.2687
2026-03-22 09:45:00,2083.89,2084.4,2083.32,2084.39,232.26,483989.5082
2026-03-22 09:46:00,2084.39,2084.86,2083.65,2083.65,249.61,520328.9869
2026-03-22 09:47:00,2083.65,2083.7,2081.75,2083.7,1693.45,3526501.7474
2026-03-22 09:48:00,2083.7,2084.28,2083.56,2083.56,214.47,446965.4003
2026-03-22 09:49:00,2083.56,2083.56,2082.58,2082.58,156.71,326467.4983
2026-03-22 09:50:00,2082.58,2082.69,2081.61,2082.68,725.09,1509676.3137
2026-03-22 09:51:00,2082.68,2083.81,2081.14,2081.93,1826.21,3803157.4064
2026-03-22 09:52:00,2081.93,2083.12,2080.8,2083.12,420.33,874866.5131
2026-03-22 09:53:00,2083.12,2083.83,2082.49,2083.5,442.34,921696.6507
2026-03-22 09:54:00,2083.5,2084.19,2083.49,2084.02,611.36,1274090.0148
2026-03-22 09:55:00,2084.02,2084.82,2083.87,2084.81,192.49,401229.8689
2026-03-22 09:56:00,2084.81,2085.86,2083.63,2083.63,627.09,1307572.8293
2026-03-22 09:57:00,2083.63,2084.72,2083.4,2084.72,131.77,274574.5525
2026-03-22 09:58:00,2084.72,2084.89,2084.26,2084.48,105.43,219770.036
2026-03-22 09:59:00,2084.48,2084.51,2083.86,2083.86,162.75,339179.8102
2026-03-22 10:00:00,2083.86,2084.28,2082.86,2083.21,300.98,627088.3708
2026-03-22 10:01:00,2083.21,2084.09,2082.51,2083.79,56.7,118122.6541
2026-03-22 10:02:00,2083.79,2084.26,2083.79,2084.26,74.76,155793.8904
2026-03-22 10:03:00,2084.26,2084.27,2083.8,2084.02,143.24,298522.7976
2026-03-22 10:04:00,2084.02,2085.56,2084.01,2085.03,738.13,1538976.4652
2026-03-22 10:05:00,2085.03,2085.93,2081.17,2081.17,1013.63,2110642.5632
2026-03-22 10:06:00,2081.17,2081.84,2080.6,2081.14,244.63,509144.4687
2026-03-22 10:07:00,2081.14,2081.75,2080.5,2080.51,280.03,582779.3541
2026-03-22 10:08:00,2080.51,2081.39,2080.0,2081.27,3452.12,7180609.3444
2026-03-22 10:09:00,2081.27,2082.46,2081.02,2081.21,717.19,1493129.3581
2026-03-22 10:10:00,2081.21,2081.3,2080.36,2081.11,201.89,420079.3852
2026-03-22 10:11:00,2081.11,2082.0,2081.11,2082.0,174.89,364030.9584
2026-03-22 10:12:00,2082.0,2082.0,2081.15,2081.49,61.66,128335.0553
2026-03-22 10:13:00,2081.49,2082.67,2081.49,2082.31,240.35,500463.6573
2026-03-22 10:14:00,2082.31,2082.52,2082.2,2082.33,16.7,34773.7711
2026-03-22 10:15:00,2082.33,2082.33,2080.05,2080.87,944.93,1966012.0465
2026-03-22 10:16:00,2080.87,2080.87,2078.57,2080.29,2772.22,5766078.0893
2026-03-22 10:17:00,2080.29,2081.94,2080.29,2081.93,280.02,582746.8076
2026-03-22 10:18:00,2081.93,2083.29,2081.93,2083.19,451.66,940757.7715
2026-03-22 10:19:00,2083.19,2083.2,2081.65,2081.67,109.74,228489.1144
2026-03-22 10:20:00,2081.67,2082.27,2081.34,2081.8,203.33,423280.1611
2026-03-22 10:21:00,2081.8,2082.36,2081.36,2082.09,274.1,570676.6522
2026-03-22 10:22:00,2082.09,2082.09,2081.46,2081.85,103.09,214601.0378
2026-03-22 10:23:00,2081.85,2081.85,2081.21,2081.62,86.56,180181.5969
2026-03-22 10:24:00,2081.62,2082.99,2081.46,2082.99,162.64,338681.5647
2026-03-22 10:25:00,2082.99,2082.99,2082.0,2082.0,55.45,115476.1425
2026-03-22 10:26:00,2082.0,2082.54,2082.0,2082.35,224.08,466600.7513
2026-03-22 10:27:00,2082.35,2083.0,2082.23,2082.95,71.29,148474.4619
2026-03-22 10:28:00,2082.95,2082.95,2082.3,2082.46,412.61,859295.7677
2026-03-22 10:29:00,2082.46,2082.46,2080.8,2082.24,335.8,699012.1606
2026-03-22 10:30:00,2082.24,2083.51,2081.83,2083.38,168.54,351014.988
2026-03-22 10:31:00,2083.38,2084.0,2083.12,2083.2,724.05,1508669.1468
2026-03-22 10:32:00,2083.2,2083.81,2080.12,2080.44,897.59,1869430.6178
2026-03-22 10:33:00,2080.44,2081.9,2080.1,2081.11,175.9,366089.1462
2026-03-22 10:34:00,2081.11,2081.12,2080.21,2080.22,78.9,164173.5464
2026-03-22 10:35:00,2080.22,2080.23,2075.71,2077.77,2031.81,4221104.3279
2026-03-22 10:36:00,2077.77,2079.23,2076.81,2079.14,332.82,691522.6947
2026-03-22 10:37:00,2079.14,2080.42,2078.2,2079.78,261.67,544117.655
2026-03-22 10:38:00,2079.78,2080.71,2079.45,2079.71,106.53,221586.9222
2026-03-22 10:39:00,2079.71,2079.71,2078.29,2078.99,144.38,300185.3502
2026-03-22 10:40:00,2078.99,2079.24,2077.43,2077.5,310.27,644751.5713
2026-03-22 10:41:00,2077.5,2079.01,2077.28,2078.17,208.63,433566.7295
2026-03-22 10:42:00,2078.17,2079.26,2078.0,2078.67,305.02,634079.7904
2026-03-22 10:43:00,2078.67,2079.3,2078.16,2078.3,187.8,390412.3831
2026-03-22 10:44:00,2078.3,2079.19,2077.22,2078.92,177.2,368208.3034
2026-03-22 10:45:00,2078.92,2080.02,2078.86,2079.03,332.99,692475.1767
2026-03-22 10:46:00,2079.03,2080.11,2078.96,2080.11,123.16,256112.3256
2026-03-22 10:47:00,2080.11,2080.74,2079.62,2079.62,98.0,203847.6069
2026-03-22 10:48:00,2079.62,2079.88,2079.3,2079.68,63.37,131780.8042
2026-03-22 10:49:00,2079.68,2079.68,2078.01,2078.48,265.6,552056.2555
2026-03-22 10:50:00,2078.48,2079.0,2078.42,2078.56,147.56,306731.9126
2026-03-22 10:51:00,2078.56,2079.4,2078.0,2079.4,118.81,246979.3886
2026-03-22 10:52:00,2079.4,2081.9,2079.4,2081.73,612.59,1274819.9893
2026-03-22 10:53:00,2081.73,2081.92,2079.99,2080.14,369.33,768425.825
2026-03-22 10:54:00,2080.14,2080.18,2079.42,2080.16,57.81,120231.4571
2026-03-22 10:55:00,2080.16,2080.84,2079.85,2080.66,124.62,259271.3602
2026-03-22 10:56:00,2080.66,2082.0,2080.65,2082.0,105.43,219455.293
2026-03-22 10:57:00,2082.0,2082.05,2081.2,2081.2,182.97,380909.9161
2026-03-22 10:58:00,2081.2,2081.2,2080.8,2080.97,42.09,87586.1157
2026-03-22 10:59:00,2080.97,2081.14,2080.11,2080.12,474.55,987453.3699
2026-03-22 11:00:00,2080.12,2080.46,2079.31,2079.54,303.09,630316.3865
2026-03-22 11:01:00,2079.54,2080.04,2079.03,2079.23,63.71,132477.4538
2026-03-22 11:02:00,2079.23,2079.74,2078.5,2078.66,439.83,914512.3694
2026-03-22 11:03:00,2078.66,2079.37,2077.67,2078.73,231.19,480446.0298
2026-03-22 11:04:00,2078.73,2081.08,2078.7,2081.08,197.62,411069.7292
2026-03-22 11:05:00,2081.08,2082.09,2080.71,2082.09,452.6,942096.197
2026-03-22 11:06:00,2082.09,2082.09,2080.7,2080.92,78.22,162796.546
2026-03-22 11:07:00,2080.92,2081.67,2080.75,2080.91,161.97,337112.1964
2026-03-22 11:08:00,2080.91,2080.91,2080.11,2080.42,76.5,159150.8628
2026-03-22 11:09:00,2080.42,2082.17,2080.32,2081.53,203.16,422785.3972
2026-03-22 11:10:00,2081.53,2081.71,2080.37,2081.71,286.46,596085.0208
2026-03-22 11:11:00,2081.71,2082.22,2081.32,2081.76,239.23,498055.481
2026-03-22 11:12:00,2081.76,2082.4,2081.29,2082.05,89.7,186753.2905
2026-03-22 11:13:00,2082.05,2083.0,2081.51,2081.51,107.89,224681.6889
2026-03-22 11:14:00,2081.51,2081.79,2080.61,2080.83,52.74,109763.5965
2026-03-22 11:15:00,2080.83,2081.85,2080.01,2081.08,76.07,158301.2328
2026-03-22 11:16:00,2081.08,2082.09,2080.12,2080.12,105.21,219002.2081
2026-03-22 11:17:00,2080.12,2081.0,2080.0,2081.0,76.24,158607.6015
2026-03-22 11:18:00,2081.0,2081.41,2080.58,2080.67,101.08,210355.5745
2026-03-22 11:19:00,2080.67,2080.67,2079.3,2079.31,115.01,239212.7187
2026-03-22 11:20:00,2079.31,2080.33,2078.77,2080.32,274.27,570470.9799
2026-03-22 11:21:00,2080.32,2082.55,2080.08,2081.87,265.08,551751.7105
2026-03-22 11:22:00,2081.87,2082.41,2080.98,2081.99,376.0,782764.7245
2026-03-22 11:23:00,2081.99,2082.29,2081.0,2081.01,76.93,160167.734
2026-03-22 11:24:00,2081.01,2081.01,2079.67,2079.95,302.29,628788.4564
2026-03-22 11:25:00,2079.95,2079.95,2075.0,2075.33,5569.82,11559844.9412
2026-03-22 11:26:00,2075.33,2076.98,2075.12,2076.23,841.76,1747643.7886
2026-03-22 11:27:00,2076.23,2076.23,2075.0,2075.0,3441.12,7140586.5698
2026-03-22 11:28:00,2075.0,2075.92,2075.0,2075.92,475.22,986266.4002
2026-03-22 11:29:00,2075.92,2076.0,2075.21,2075.24,583.14,1210401.7974
2026-03-22 11:30:00,2075.24,2076.6,2075.0,2075.31,793.27,1646342.4608
2026-03-22 11:31:00,2075.31,2076.9,2075.31,2075.59,335.35,696239.397
2026-03-22 11:32:00,2075.59,2077.0,2075.59,2077.0,156.95,325914.7276
2026-03-22 11:33:00,2077.0,2080.3,2076.94,2078.75,666.87,1386322.0352
2026-03-22 11:34:00,2078.75,2079.88,2078.01,2078.07,478.8,995449.0538
2026-03-22 11:35:00,2078.07,2079.55,2077.58,2078.76,352.7,733164.7668
2026-03-22 11:36:00,2078.76,2079.8,2078.75,2079.22,603.69,1255302.301
2026-03-22 11:37:00,2079.22,2079.49,2079.0,2079.01,160.4,333479.5698
2026-03-22 11:38:00,2079.01,2079.01,2078.28,2078.56,106.3,220967.1503
2026-03-22 11:39:00,2078.56,2080.5,2078.55,2080.11,679.79,1413886.8867
2026-03-22 11:40:00,2080.11,2080.11,2073.8,2074.11,3877.68,8048189.1913
2026-03-22 11:41:00,2074.11,2074.5,2065.39,2070.88,13699.46,28346172.0963
2026-03-22 11:42:00,2070.88,2071.56,2070.0,2071.42,677.22,1402523.5611
2026-03-22 11:43:00,2071.42,2073.0,2070.22,2072.99,983.35,2037052.5744
2026-03-22 11:44:00,2072.99,2075.0,2072.99,2074.33,771.97,1601311.598
2026-03-22 11:45:00,2074.33,2075.0,2073.31,2074.01,286.42,594088.7379
2026-03-22 11:46:00,2074.01,2074.01,2070.86,2071.8,404.62,838413.5577
2026-03-22 11:47:00,2071.8,2072.61,2071.0,2071.05,331.39,686589.8576
2026-03-22 11:48:00,2071.05,2071.05,2069.0,2069.98,1399.54,2896841.7323
2026-03-22 11:49:00,2069.98,2071.0,2069.72,2070.51,364.96,755540.7908
2026-03-22 11:50:00,2070.51,2071.64,2070.25,2071.01,474.8,983254.9771
2026-03-22 11:51:00,2071.01,2071.06,2069.01,2069.01,322.91,668464.7514
2026-03-22 11:52:00,2069.01,2070.1,2065.0,2068.48,3352.15,6929780.7733
2026-03-22 11:53:00,2068.48,2070.64,2068.48,2070.0,934.1,1933442.4684
2026-03-22 11:54:00,2070.0,2071.61,2069.99,2070.59,452.59,937215.0076
2026-03-22 11:55:00,2070.59,2070.59,2068.05,2069.23,451.13,933365.5785
2026-03-22 11:56:00,2069.23,2070.61,2069.23,2069.56,438.92,908670.5063
2026-03-22 11:57:00,2069.56,2069.6,2068.6,2068.9,494.32,1022774.1411
2026-03-22 11:58:00,2068.9,2069.68,2068.52,2069.1,332.47,687947.7064
2026-03-22 11:59:00,2069.1,2069.38,2068.45,2068.91,193.15,399619.6331
2026-03-22 12:00:00,2068.91,2070.64,2068.73,2069.66,811.18,1678747.8137
2026-03-22 12:01:00,2069.66,2070.56,2069.18,2069.19,339.19,702156.0811
2026-03-22 12:02:00,2069.19,2071.42,2069.18,2070.49,712.29,1474900.265
2026-03-22 12:03:00,2070.49,2071.13,2070.1,2070.12,543.07,1124541.5694
2026-03-22 12:04:00,2070.12,2070.42,2067.23,2069.15,1752.27,3625951.0023
2026-03-22 12:05:00,2069.15,2072.11,2069.15,2071.14,772.83,1600852.7737
2026-03-22 12:06:00,2071.14,2071.87,2070.41,2070.68,319.53,661785.8628
2026-03-22 12:07:00,2070.68,2070.79,2069.05,2069.95,1570.05,3250367.9825
2026-03-22 12:08:00,2069.95,2071.11,2069.95,2071.11,196.51,406851.7137
2026-03-22 12:09:00,2071.11,2073.68,2071.11,2073.04,998.51,2069760.3137
2026-03-22 12:10:00,2073.04,2073.51,2072.22,2073.44,555.52,1151484.1481
2026-03-22 12:11:00,2073.44,2073.65,2071.02,2071.76,1450.49,3006238.4482
2026-03-22 12:12:00,2071.76,2073.03,2071.76,2073.03,267.0,553273.1174
2026-03-22 12:13:00,2073.03,2073.11,2072.36,2073.11,569.56,1180521.3162
2026-03-22 12:14:00,2073.11,2073.35,2072.91,2073.02,372.03,771261.0581
2026-03-22 12:15:00,2073.02,2074.24,2072.8,2073.67,604.89,1254291.9387
2026-03-22 12:16:00,2073.67,2074.07,2072.0,2072.25,710.41,1472578.8861
2026-03-22 12:17:00,2072.25,2076.15,2072.25,2074.77,3173.01,6582632.6677
2026-03-22 12:18:00,2074.77,2076.96,2074.65,2075.61,1143.53,2374189.1182
2026-03-22 12:19:00,2075.61,2076.63,2074.7,2076.63,370.5,768989.4958
2026-03-22 12:20:00,2076.63,2077.99,2076.5,2077.99,678.3,1408924.0758
2026-03-22 12:21:00,2077.99,2078.69,2075.27,2075.85,890.97,1850599.2248
2026-03-22 12:22:00,2075.85,2078.99,2075.38,2078.99,375.67,780170.2501
2026-03-22 12:23:00,2078.99,2081.34,2077.89,2080.68,2017.4,4196646.733
2026-03-22 12:24:00,2080.68,2080.85,2078.27,2080.14,1490.46,3099108.4205
2026-03-22 12:25:00,2080.14,2081.2,2079.92,2080.9,731.81,1522562.3971
2026-03-22 12:26:00,2080.9,2082.36,2080.71,2080.81,830.94,1729660.9033
2026-03-22 12:27:00,2080.81,2081.99,2079.5,2081.74,485.1,1009264.264
2026-03-22 12:28:00,2081.74,2087.65,2081.4,2085.02,6798.04,14174484.2696
2026-03-22 12:29:00,2085.02,2085.9,2083.0,2083.78,1439.37,2999628.2749
2026-03-22 12:30:00,2083.78,2084.07,2082.1,2082.76,1204.34,2508426.491
2026-03-22 12:31:00,2082.76,2083.99,2081.12,2082.56,626.23,1304048.3874
2026-03-22 12:32:00,2082.56,2083.6,2081.34,2082.88,263.31,548349.4384
2026-03-22 12:33:00,2082.88,2082.88,2081.7,2082.7,575.6,1198439.1324
2026-03-22 12:34:00,2082.7,2082.96,2081.49,2081.98,268.0,557985.4713
2026-03-22 12:35:00,2081.98,2081.98,2080.58,2081.07,739.02,1537954.9198
2026-03-22 12:36:00,2081.07,2081.3,2080.11,2081.0,304.36,633313.0994
2026-03-22 12:37:00,2081.0,2081.56,2080.6,2080.98,245.1,510083.4565
2026-03-22 12:38:00,2080.98,2081.81,2080.62,2081.81,210.46,437979.2354
2026-03-22 12:39:00,2081.81,2081.88,2080.38,2080.39,289.4,602275.5295
2026-03-22 12:40:00,2080.39,2081.82,2080.0,2081.38,564.79,1175215.9024
2026-03-22 12:41:00,2081.38,2082.16,2080.8,2082.16,294.81,613557.8959
2026-03-22 12:42:00,2082.16,2082.5,2081.9,2081.91,87.86,182942.9838
2026-03-22 12:43:00,2081.91,2082.7,2081.45,2082.44,211.25,439793.9838
2026-03-22 12:44:00,2082.44,2082.44,2081.18,2081.18,260.05,541297.3647
2026-03-22 12:45:00,2081.18,2082.05,2080.8,2081.29,145.71,303300.142
2026-03-22 12:46:00,2081.29,2082.9,2081.08,2082.01,543.12,1130710.5075
2026-03-22 12:47:00,2082.01,2083.4,2081.74,2083.39,148.98,310246.4506
2026-03-22 12:48:00,2083.39,2084.6,2083.39,2083.41,405.11,844164.9025
2026-03-22 12:49:00,2083.41,2084.69,2077.0,2077.71,15315.89,31859511.9336
2026-03-22 12:50:00,2077.71,2080.16,2077.66,2080.16,787.96,1638344.0661
2026-03-22 12:51:00,2080.16,2080.78,2079.0,2079.0,577.65,1201577.7625
2026-03-22 12:52:00,2079.0,2079.38,2077.14,2078.35,1131.5,2351614.0085
2026-03-22 12:53:00,2078.35,2079.98,2078.05,2079.75,402.49,836674.1628
2026-03-22 12:54:00,2079.75,2080.42,2079.0,2080.42,771.11,1603888.3843
2026-03-22 12:55:00,2080.42,2081.84,2080.41,2081.3,1096.28,2281870.406
2026-03-22 12:56:00,2081.3,2081.96,2080.9,2081.84,445.43,927172.6074
2026-03-22 12:57:00,2081.84,2082.25,2081.37,2082.0,223.67,465647.3609
2026-03-22 12:58:00,2082.0,2082.09,2081.52,2082.08,128.35,267196.0833
2026-03-22 12:59:00,2082.08,2082.08,2081.58,2081.65,374.64,779942.509
2026-03-22 13:00:00,2081.65,2082.5,2081.55,2082.37,443.63,923684.309
2026-03-22 13:01:00,2082.37,2085.41,2082.37,2085.06,1809.35,3771468.0223
2026-03-22 13:02:00,2085.06,2089.11,2083.0,2088.0,3807.55,7947073.0672
2026-03-22 13:03:00,2088.0,2092.57,2087.52,2090.11,4717.42,9861265.2038
2026-03-22 13:04:00,2090.11,2091.0,2086.53,2087.2,1422.36,2970624.5796
2026-03-22 13:05:00,2087.2,2087.2,2085.93,2086.36,584.9,1220358.4379
2026-03-22 13:06:00,2086.36,2086.84,2085.86,2086.22,457.13,953709.7699
2026-03-22 13:07:00,2086.22,2087.4,2085.19,2087.07,1614.75,3368957.6284
2026-03-22 13:08:00,2087.07,2088.38,2086.81,2088.01,1246.96,2603279.3354
2026-03-22 13:09:00,2088.01,2088.73,2086.1,2086.1,500.61,1045103.0069
2026-03-22 13:10:00,2086.1,2087.69,2086.1,2086.82,353.35,737414.0133
2026-03-22 13:11:00,2086.82,2088.86,2086.5,2086.5,189.25,395026.1117
2026-03-22 13:12:00,2086.5,2086.57,2085.36,2086.57,261.87,546260.8708
2026-03-22 13:13:00,2086.57,2086.57,2083.8,2084.56,1274.32,2656895.8908
2026-03-22 13:14:00,2084.56,2085.7,2084.52,2085.56,408.54,851771.6713
2026-03-22 13:15:00,2085.56,2085.62,2084.48,2085.18,381.5,795438.7815
2026-03-22 13:16:00,2085.18,2085.57,2084.19,2084.19,275.35,574132.5712
2026-03-22 13:17:00,2084.19,2085.39,2084.05,2085.39,502.29,1047104.7626
2026-03-22 13:18:00,2085.39,2085.9,2084.39,2085.72,552.12,1151175.2438
2026-03-22 13:19:00,2085.72,2086.26,2085.24,2085.95,345.22,720050.2431
2026-03-22 13:20:00,2085.95,2087.84,2085.95,2087.84,197.46,412126.1277
2026-03-22 13:21:00,2087.84,2088.85,2087.0,2087.0,697.77,1456779.4002
2026-03-22 13:22:00,2087.0,2087.94,2085.52,2085.91,1592.87,3324021.5696
2026-03-22 13:23:00,2085.91,2086.45,2083.52,2084.79,510.89,1065135.4261
2026-03-22 13:24:00,2084.79,2084.79,2084.15,2084.4,202.92,422979.0939
2026-03-22 13:25:00,2084.4,2084.4,2084.0,2084.14,177.34,369597.9503
2026-03-22 13:26:00,2084.14,2084.4,2083.1,2084.4,311.25,648498.4226
2026-03-22 13:27:00,2084.4,2085.94,2084.36,2084.65,372.41,776529.282
2026-03-22 13:28:00,2084.65,2085.3,2084.56,2085.3,268.13,558982.2488
2026-03-22 13:29:00,2085.3,2085.7,2084.59,2084.91,266.43,555504.2798
2026-03-22 13:30:00,2084.91,2087.05,2084.9,2086.91,423.87,884245.1048
2026-03-22 13:31:00,2086.91,2086.91,2085.35,2085.35,253.99,529917.8909
2026-03-22 13:32:00,2085.35,2085.35,2083.0,2083.0,310.26,646572.6794
2026-03-22 13:33:00,2083.0,2083.17,2081.05,2081.58,619.14,1288922.2598
2026-03-22 13:34:00,2081.58,2082.22,2080.43,2080.84,650.38,1353471.1001
2026-03-22 13:35:00,2080.84,2081.9,2080.43,2080.65,758.01,1577441.7206
2026-03-22 13:36:00,2080.65,2080.69,2077.0,2077.49,2169.22,4509058.0911
2026-03-22 13:37:00,2077.49,2078.69,2076.38,2078.09,1287.23,2674464.9429
2026-03-22 13:38:00,2078.09,2078.8,2077.13,2078.55,370.1,769077.9142
2026-03-22 13:39:00,2078.55,2079.0,2077.1,2077.87,329.9,685605.5979
2026-03-22 13:40:00,2077.87,2079.0,2077.55,2077.55,384.92,800018.0187
2026-03-22 13:41:00,2077.55,2078.29,2076.96,2077.04,886.5,1841702.1855
2026-03-22 13:42:00,2077.04,2077.18,2071.59,2074.17,7230.78,15000215.5021
2026-03-22 13:43:00,2074.17,2074.81,2072.06,2074.3,1697.92,3520781.6202
2026-03-22 13:44:00,2074.3,2075.85,2074.29,2075.25,626.53,1300081.0122
2026-03-22 13:45:00,2075.25,2075.64,2074.02,2075.64,573.07,1188811.8851
2026-03-22 13:46:00,2075.64,2076.53,2073.64,2074.48,849.44,1762947.8298
2026-03-22 13:47:00,2074.48,2076.33,2074.35,2076.3,193.6,401769.7421
2026-03-22 13:48:00,2076.3,2077.86,2076.3,2076.91,210.24,436663.9751
2026-03-22 13:49:00,2076.91,2077.0,2076.35,2076.67,499.79,1037916.5848
2026-03-22 13:50:00,2076.67,2076.67,2075.79,2076.46,238.92,496051.8849
2026-03-22 13:51:00,2076.46,2077.87,2076.4,2077.31,618.63,1284923.7936
2026-03-22 13:52:00,2077.31,2077.9,2076.51,2077.39,90.31,187590.427
2026-03-22 13:53:00,2077.39,2078.71,2077.23,2078.42,1825.93,3794447.5421
2026-03-22 13:54:00,2078.42,2079.88,2078.0,2079.65,1756.25,3650674.687
2026-03-22 13:55:00,2079.65,2079.76,2079.0,2079.73,264.32,549596.4803
2026-03-22 13:56:00,2079.73,2079.73,2078.7,2078.7,305.45,635148.656
2026-03-22 13:57:00,2078.7,2078.84,2078.09,2078.84,165.39,343754.0095
2026-03-22 13:58:00,2078.84,2080.16,2078.78,2079.22,600.94,1249795.9824
2026-03-22 13:59:00,2079.22,2079.23,2077.45,2077.66,134.92,280394.1823
2026-03-22 14:00:00,2077.66,2079.73,2077.45,2078.82,354.57,737168.3682
2026-03-22 14:01:00,2078.82,2078.82,2074.63,2075.62,2664.09,5529685.2072
2026-03-22 14:02:00,2075.62,2076.5,2075.0,2075.34,802.3,1665337.5005
2026-03-22 14:03:00,2075.34,2075.86,2069.8,2072.05,2772.3,5744004.3717
2026-03-22 14:04:00,2072.05,2073.6,2072.05,2073.59,238.46,494291.4545
2026-03-22 14:05:00,2073.59,2074.06,2072.41,2073.49,218.98,454072.5739
2026-03-22 14:06:00,2073.49,2074.41,2072.5,2073.68,784.17,1625667.3315
2026-03-22 14:07:00,2073.68,2074.76,2073.49,2074.26,110.42,229021.3644
2026-03-22 14:08:00,2074.26,2075.74,2074.26,2074.55,208.25,432119.0201
2026-03-22 14:09:00,2074.55,2076.03,2074.37,2076.0,171.57,356079.7286
2026-03-22 14:10:00,2076.0,2078.53,2076.0,2076.3,502.19,1043205.326
2026-03-22 14:11:00,2076.3,2077.12,2076.06,2076.89,204.48,424602.5517
2026-03-22 14:12:00,2076.89,2077.3,2076.64,2077.03,148.88,309206.2532
2026-03-22 14:13:00,2077.03,2080.0,2077.03,2079.55,361.33,751099.4373
2026-03-22 14:14:00,2079.55,2079.55,2078.06,2078.06,177.3,368529.7616
2026-03-22 14:15:00,2078.06,2078.48,2077.76,2078.37,174.98,363630.0623
2026-03-22 14:16:00,2078.37,2078.37,2077.09,2077.66,135.2,280905.045
2026-03-22 14:17:00,2077.66,2078.61,2077.66,2078.61,117.69,244596.7841
2026-03-22 14:18:00,2078.61,2078.87,2077.62,2077.83,157.23,326729.0297
2026-03-22 14:19:00,2077.83,2077.91,2076.44,2077.03,177.49,368650.0974
2026-03-22 14:20:00,2077.03,2077.04,2076.2,2076.75,28.51,59206.2242
2026-03-22 14:21:00,2076.75,2077.24,2076.36,2077.24,166.79,346360.2189
2026-03-22 14:22:00,2077.24,2081.5,2077.24,2081.01,612.22,1273342.5774
2026-03-22 14:23:00,2081.01,2084.48,2081.0,2082.23,1992.95,4151203.8555
2026-03-22 14:24:00,2082.23,2084.26,2081.8,2082.17,518.49,1079862.6877
2026-03-22 14:25:00,2082.17,2082.52,2076.02,2078.04,1070.44,2225413.7159
2026-03-22 14:26:00,2078.04,2078.5,2078.01,2078.16,203.72,423356.7553
2026-03-22 14:27:00,2078.16,2078.6,2078.05,2078.16,232.75,483713.9227
2026-03-22 14:28:00,2078.16,2079.82,2078.15,2079.08,399.32,830198.9814
2026-03-22 14:29:00,2079.08,2080.0,2079.08,2080.0,255.61,531512.0708
2026-03-22 14:30:00,2080.0,2081.0,2079.9,2080.21,594.81,1237542.6578
2026-03-22 14:31:00,2080.21,2080.79,2080.05,2080.11,283.64,590107.2093
2026-03-22 14:32:00,2080.11,2080.69,2079.52,2080.03,261.86,544721.9643
2026-03-22 14:33:00,2080.03,2080.04,2077.29,2078.31,580.12,1205736.6021
2026-03-22 14:34:00,2078.31,2078.83,2077.99,2078.64,168.67,350580.1468
2026-03-22 14:35:00,2078.64,2079.44,2078.09,2079.2,203.24,422586.6842
2026-03-22 14:36:00,2079.2,2079.75,2079.05,2079.75,237.12,493070.9578
2026-03-22 14:37:00,2079.75,2079.8,2079.17,2079.17,186.73,388330.4428
2026-03-22 14:38:00,2079.17,2084.15,2079.17,2082.99,1192.93,2483666.9671
2026-03-22 14:39:00,2082.99,2083.07,2080.94,2082.33,290.88,605538.1603
2026-03-22 14:40:00,2082.33,2082.56,2081.12,2082.43,170.84,355729.6004
2026-03-22 14:41:00,2082.43,2082.43,2081.64,2081.64,73.12,152229.9601
2026-03-22 14:42:00,2081.64,2082.19,2079.0,2080.14,1396.04,2904657.6245
2026-03-22 14:43:00,2080.14,2081.4,2079.77,2081.4,626.67,1303646.437
2026-03-22 14:44:00,2081.4,2081.4,2080.53,2080.73,481.18,1001333.0168
2026-03-22 14:45:00,2080.73,2080.73,2079.21,2079.3,275.43,572800.2341
2026-03-22 14:46:00,2079.3,2079.44,2078.61,2079.01,204.74,425667.2291
2026-03-22 14:47:00,2079.01,2080.09,2079.0,2079.39,69.28,144068.6607
2026-03-22 14:48:00,2079.39,2080.08,2079.39,2080.08,56.2,116881.0714
2026-03-22 14:49:00,2080.08,2080.17,2076.25,2077.62,337.7,701743.3856
2026-03-22 14:50:00,2077.62,2078.52,2077.43,2078.52,57.99,120486.6626
2026-03-22 14:51:00,2078.52,2078.52,2077.35,2077.64,74.72,155253.6853
2026-03-22 14:52:00,2077.64,2077.64,2075.46,2075.78,373.51,775581.0404
2026-03-22 14:53:00,2075.78,2076.65,2075.17,2076.49,249.84,518666.1772
2026-03-22 14:54:00,2076.49,2076.87,2076.21,2076.76,104.81,217625.1019
2026-03-22 14:55:00,2076.76,2077.58,2076.76,2077.32,171.48,356172.4011
2026-03-22 14:56:00,2077.32,2077.32,2074.47,2076.32,885.06,1837306.6465
2026-03-22 14:57:00,2076.32,2077.66,2076.14,2076.7,272.22,565359.5622
2026-03-22 14:58:00,2076.7,2077.5,2076.7,2077.07,150.96,313571.3469
2026-03-22 14:59:00,2077.07,2077.82,2076.84,2076.98,147.3,306016.2902
2026-03-22 15:00:00,2076.98,2079.74,2076.98,2079.39,563.09,1170183.5636
2026-03-22 15:01:00,2079.39,2080.23,2078.74,2080.09,160.65,334083.6216
2026-03-22 15:02:00,2080.09,2080.56,2078.6,2078.6,169.85,353227.0064
2026-03-22 15:03:00,2078.6,2079.72,2078.6,2079.72,44.42,92356.4911
2026-03-22 15:04:00,2079.72,2080.81,2079.12,2079.12,114.45,238092.8777
2026-03-22 15:05:00,2079.12,2082.72,2078.93,2081.54,1141.12,2374113.7593
2026-03-22 15:06:00,2081.54,2082.6,2080.01,2080.82,368.31,766684.5906
2026-03-22 15:07:00,2080.82,2081.82,2080.82,2081.8,226.13,470678.6916
2026-03-22 15:08:00,2081.8,2081.8,2080.33,2081.11,83.5,173774.1465
2026-03-22 15:09:00,2081.11,2081.11,2079.4,2079.98,275.24,572600.3189
2026-03-22 15:10:00,2079.98,2081.13,2079.68,2081.09,215.65,448674.2287
2026-03-22 15:11:00,2081.09,2081.27,2080.47,2081.2,104.3,217050.1789
2026-03-22 15:12:00,2081.2,2081.45,2080.65,2081.44,203.33,423137.9359
2026-03-22 15:13:00,2081.44,2081.89,2081.4,2081.41,110.41,229836.7505
2026-03-22 15:14:00,2081.41,2082.31,2081.15,2081.41,357.96,745200.3867
2026-03-22 15:15:00,2081.41,2083.94,2081.01,2081.17,606.38,1262959.21
2026-03-22 15:16:00,2081.17,2081.98,2081.0,2081.82,116.01,241482.6282
2026-03-22 15:17:00,2081.82,2081.82,2078.22,2079.01,303.6,631371.027
2026-03-22 15:18:00,2079.01,2079.65,2078.8,2079.64,287.53,597887.5749
2026-03-22 15:19:00,2079.64,2080.39,2079.64,2080.2,112.82,234663.2752
2026-03-22 15:20:00,2080.2,2081.98,2080.2,2080.8,316.47,658613.368
2026-03-22 15:21:00,2080.8,2080.81,2078.11,2078.78,222.99,463601.089
2026-03-22 15:22:00,2078.78,2078.79,2076.03,2076.88,414.1,860105.2745
2026-03-22 15:23:00,2076.88,2078.44,2076.75,2078.16,235.27,488817.709
2026-03-22 15:24:00,2078.16,2078.37,2077.53,2077.9,165.77,344455.2781
2026-03-22 15:25:00,2077.9,2078.7,2077.71,2078.21,216.7,450385.2329
2026-03-22 15:26:00,2078.21,2078.6,2076.99,2077.68,603.42,1253700.3371
2026-03-22 15:27:00,2077.68,2078.21,2076.89,2078.09,384.01,797711.7085
2026-03-22 15:28:00,2078.09,2079.83,2078.08,2078.9,141.74,294677.0461
2026-03-22 15:29:00,2078.9,2079.39,2078.81,2078.82,74.25,154375.7612
2026-03-22 15:30:00,2078.82,2079.49,2078.0,2078.2,60.57,125891.4407
2026-03-22 15:31:00,2078.2,2078.2,2077.67,2077.91,70.02,145486.8567
2026-03-22 15:32:00,2077.91,2079.26,2077.78,2079.2,86.12,179033.9848
2026-03-22 15:33:00,2079.2,2079.21,2078.51,2078.83,105.74,219806.5166
2026-03-22 15:34:00,2078.83,2078.83,2077.53,2078.15,185.43,385329.4403
2026-03-22 15:35:00,2078.15,2078.15,2076.99,2077.43,197.22,409700.3428
2026-03-22 15:36:00,2077.43,2077.76,2076.34,2077.12,641.2,1331706.0203
2026-03-22 15:37:00,2077.12,2077.45,2075.09,2075.85,727.65,1510345.6967
2026-03-22 15:38:00,2075.85,2076.6,2074.6,2076.39,373.27,774776.3362
2026-03-22 15:39:00,2076.39,2076.7,2075.68,2076.3,216.34,449152.431
2026-03-22 15:40:00,2076.3,2076.3,2074.8,2075.86,525.0,1089676.4361
2026-03-22 15:41:00,2075.86,2075.86,2075.32,2075.42,133.36,276789.863
2026-03-22 15:42:00,2075.42,2076.81,2075.23,2076.23,597.69,1240923.6177
2026-03-22 15:43:00,2076.23,2077.45,2076.23,2077.28,540.09,1121718.979
2026-03-22 15:44:00,2077.28,2079.69,2077.04,2079.49,1087.18,2260005.9123
2026-03-22 15:45:00,2079.49,2079.49,2078.58,2078.63,125.08,260050.0064
2026-03-22 15:46:00,2078.63,2078.63,2077.75,2077.76,43.66,90732.9271
2026-03-22 15:47:00,2077.76,2078.68,2077.71,2078.49,52.93,109980.8517
2026-03-22 15:48:00,2078.49,2078.49,2077.48,2077.48,19.44,40398.4576
2026-03-22 15:49:00,2077.48,2080.4,2077.35,2080.4,387.13,804861.9686
2026-03-22 15:50:00,2080.4,2082.43,2080.33,2081.36,575.98,1199027.672
2026-03-22 15:51:00,2081.36,2082.38,2081.04,2081.2,277.81,578258.0991
2026-03-22 15:52:00,2081.2,2081.2,2079.01,2080.3,1348.5,2805314.0495
2026-03-22 15:53:00,2080.3,2080.95,2079.96,2080.08,751.98,1564563.0283
2026-03-22 15:54:00,2080.08,2081.54,2080.07,2080.61,709.55,1476449.675
2026-03-22 15:55:00,2080.61,2080.61,2080.28,2080.38,46.87,97506.6503
2026-03-22 15:56:00,2080.38,2081.22,2080.2,2081.19,32.62,67871.2372
2026-03-22 15:57:00,2081.19,2081.19,2079.93,2080.15,263.76,548730.4314
2026-03-22 15:58:00,2080.15,2081.15,2080.13,2081.14,662.24,1377862.6677
2026-03-22 15:59:00,2081.14,2082.13,2081.11,2082.01,260.25,541751.519
2026-03-22 16:00:00,2082.01,2082.69,2080.69,2080.69,506.2,1053891.0049
2026-03-22 16:01:00,2080.69,2080.69,2079.74,2079.81,116.3,241907.9306
2026-03-22 16:02:00,2079.81,2080.5,2079.21,2080.5,159.25,331202.8923
2026-03-22 16:03:00,2080.5,2082.61,2080.38,2082.61,182.04,378992.8933
2026-03-22 16:04:00,2082.61,2083.8,2081.44,2081.63,329.44,686202.5226
2026-03-22 16:05:00,2081.63,2082.19,2080.86,2082.15,124.94,260074.5514
2026-03-22 16:06:00,2082.15,2082.52,2081.38,2082.52,537.73,1119590.4453
2026-03-22 16:07:00,2082.52,2082.55,2080.42,2080.42,241.04,501753.1892
2026-03-22 16:08:00,2080.42,2081.9,2080.26,2081.75,197.59,411268.5928
2026-03-22 16:09:00,2081.75,2081.76,2079.61,2079.76,132.96,276600.2924
2026-03-22 16:10:00,2079.76,2080.59,2079.58,2080.23,62.87,130774.7211
2026-03-22 16:11:00,2080.23,2080.77,2079.58,2080.41,74.05,154054.663
2026-03-22 16:12:00,2080.41,2081.99,2080.35,2081.99,179.4,373282.0384
2026-03-22 16:13:00,2081.99,2082.22,2080.0,2080.62,324.48,675184.3606
2026-03-22 16:14:00,2080.62,2080.75,2080.36,2080.74,32.61,67841.9721
2026-03-22 16:15:00,2080.74,2081.49,2080.1,2080.1,197.17,410317.4058
2026-03-22 16:16:00,2080.1,2081.52,2078.8,2081.52,228.63,475657.3385
2026-03-22 16:17:00,2081.52,2082.58,2081.02,2081.28,390.51,812878.2735
2026-03-22 16:18:00,2081.28,2082.81,2081.28,2082.01,198.84,414110.761
2026-03-22 16:19:00,2082.01,2082.01,2081.19,2081.21,66.71,138849.1044
2026-03-22 16:20:00,2081.21,2081.49,2079.29,2079.87,94.74,197068.283
2026-03-22 16:21:00,2079.87,2080.69,2079.0,2080.47,71.75,149239.7889
2026-03-22 16:22:00,2080.47,2080.69,2079.82,2079.82,96.36,200476.168
2026-03-22 16:23:00,2079.82,2080.81,2079.81,2080.79,20.54,42728.6093
2026-03-22 16:24:00,2080.79,2080.8,2079.81,2079.81,38.37,79823.9233
2026-03-22 16:25:00,2079.81,2079.81,2077.78,2078.65,264.02,548692.7567
2026-03-22 16:26:00,2078.65,2079.09,2078.12,2078.32,91.01,189174.6019
2026-03-22 16:27:00,2078.32,2079.0,2077.5,2078.42,240.48,499734.7292
2026-03-22 16:28:00,2078.42,2078.69,2078.15,2078.16,360.54,749349.0998
2026-03-22 16:29:00,2078.16,2078.22,2077.84,2077.92,204.39,424729.2181
2026-03-22 16:30:00,2077.92,2078.15,2076.79,2078.13,415.03,862185.4753
2026-03-22 16:31:00,2078.13,2078.55,2078.13,2078.52,96.5,200554.4456
2026-03-22 16:32:00,2078.52,2080.19,2078.52,2079.88,339.31,705655.4387
2026-03-22 16:33:00,2079.88,2081.0,2079.87,2080.36,89.2,185598.9642
2026-03-22 16:34:00,2080.36,2080.52,2079.4,2079.4,88.6,184288.5317
2026-03-22 16:35:00,2079.4,2080.73,2078.99,2080.64,61.77,128469.2834
2026-03-22 16:36:00,2080.64,2081.01,2080.1,2080.48,197.72,411360.4498
2026-03-22 16:37:00,2080.48,2081.1,2080.48,2080.54,95.96,199688.7425
2026-03-22 16:38:00,2080.54,2080.8,2080.06,2080.06,44.78,93165.3707
2026-03-22 16:39:00,2080.06,2080.06,2079.01,2079.3,139.26,289594.6755
2026-03-22 16:40:00,2079.3,2079.32,2078.92,2079.16,19.01,39524.1263
2026-03-22 16:41:00,2079.16,2079.49,2076.78,2076.78,1041.25,2163980.6969
2026-03-22 16:42:00,2076.78,2079.27,2076.34,2079.17,469.72,975941.8785
2026-03-22 16:43:00,2079.17,2079.45,2078.39,2078.94,59.54,123789.7601
2026-03-22 16:44:00,2078.94,2078.94,2078.93,2078.94,63.55,132116.1038
2026-03-22 16:45:00,2078.94,2079.7,2078.94,2078.95,62.42,129789.9534
2026-03-22 16:46:00,2078.95,2080.3,2078.95,2080.3,43.32,90084.5031
2026-03-22 16:47:00,2080.3,2081.68,2080.21,2080.44,214.59,446595.2289
2026-03-22 16:48:00,2080.44,2080.9,2080.35,2080.89,32.74,68119.8581
2026-03-22 16:49:00,2080.89,2081.53,2080.82,2081.53,192.66,400922.471
2026-03-22 16:50:00,2081.53,2082.02,2081.03,2082.01,60.31,125545.0113
2026-03-22 16:51:00,2082.01,2082.11,2080.94,2081.31,171.63,357259.9649
2026-03-22 16:52:00,2081.31,2081.55,2080.7,2080.87,47.42,98686.554
2026-03-22 16:53:00,2080.87,2082.02,2080.87,2081.79,81.32,169282.5839
2026-03-22 16:54:00,2081.79,2082.25,2081.41,2081.41,74.37,154842.0392
2026-03-22 16:55:00,2081.41,2081.64,2080.9,2081.6,128.26,266949.3216
2026-03-22 16:56:00,2081.6,2081.61,2081.3,2081.59,33.21,69122.3049
2026-03-22 16:57:00,2081.59,2082.07,2081.58,2082.07,38.02,79151.0881
2026-03-22 16:58:00,2082.07,2082.5,2081.45,2081.74,294.41,612953.4706
2026-03-22 16:59:00,2081.74,2082.21,2081.01,2081.01,188.22,391846.1105
2026-03-22 17:00:00,2081.01,2081.37,2079.77,2079.77,576.57,1199466.1653
2026-03-22 17:01:00,2079.77,2080.27,2078.88,2080.16,112.84,234637.8702
2026-03-22 17:02:00,2080.16,2081.38,2080.16,2081.04,95.61,198925.9265
2026-03-22 17:03:00,2081.04,2081.73,2081.04,2081.2,46.75,97307.6958
2026-03-22 17:04:00,2081.2,2081.64,2080.79,2081.0,62.63,130346.3724
2026-03-22 17:05:00,2081.0,2081.26,2080.21,2080.9,84.75,176332.2131
2026-03-22 17:06:00,2080.9,2080.92,2080.9,2080.92,20.68,43033.2929
2026-03-22 17:07:00,2080.92,2081.8,2080.91,2081.74,58.07,120867.59
2026-03-22 17:08:00,2081.74,2082.09,2081.74,2081.74,56.71,118061.9423
2026-03-22 17:09:00,2081.74,2081.91,2081.01,2081.91,144.06,299861.4493
2026-03-22 17:10:00,2081.91,2082.3,2081.28,2081.28,122.72,255495.531
2026-03-22 17:11:00,2081.28,2081.29,2081.0,2081.01,48.26,100434.0874
2026-03-22 17:12:00,2081.01,2082.66,2081.0,2081.7,539.03,1122162.8719
2026-03-22 17:13:00,2081.7,2082.56,2081.7,2082.3,109.54,228083.4608
2026-03-22 17:14:00,2082.3,2082.31,2081.96,2082.03,174.99,364343.6334
2026-03-22 17:15:00,2082.03,2082.34,2081.31,2081.64,172.71,359589.6454
2026-03-22 17:16:00,2081.64,2082.15,2080.74,2081.49,84.64,176181.9016
2026-03-22 17:17:00,2081.49,2081.81,2080.21,2080.21,122.91,255804.0602
2026-03-22 17:18:00,2080.21,2080.59,2080.2,2080.59,33.52,69731.9552
2026-03-22 17:19:00,2080.59,2081.5,2080.58,2081.5,67.79,141068.9386
2026-03-22 17:20:00,2081.5,2081.96,2081.46,2081.87,85.39,177763.7739
2026-03-22 17:21:00,2081.87,2083.62,2081.66,2082.67,403.53,840484.698
2026-03-22 17:22:00,2082.67,2082.94,2081.75,2081.75,220.71,459642.3295
2026-03-22 17:23:00,2081.75,2082.99,2080.58,2081.07,261.97,545340.8366
2026-03-22 17:24:00,2081.07,2081.87,2080.58,2080.58,95.66,199097.4689
2026-03-22 17:25:00,2080.58,2080.65,2079.48,2080.51,92.74,192906.9813
2026-03-22 17:26:00,2080.51,2081.86,2080.51,2081.86,52.47,109193.2123
2026-03-22 17:27:00,2081.86,2082.77,2081.86,2082.28,104.9,218458.2309
2026-03-22 17:28:00,2082.28,2082.82,2081.64,2081.72,61.28,127597.259
2026-03-22 17:29:00,2081.72,2081.72,2080.71,2081.39,41.82,87036.748
2026-03-22 17:30:00,2081.39,2081.69,2081.0,2081.13,30.41,63292.339
2026-03-22 17:31:00,2081.13,2081.64,2080.2,2081.55,93.81,195210.2773
2026-03-22 17:32:00,2081.55,2082.62,2081.55,2082.2,47.32,98534.8941
2026-03-22 17:33:00,2082.2,2082.65,2081.9,2081.9,63.0,131179.3363
2026-03-22 17:34:00,2081.9,2082.07,2081.34,2081.61,39.21,81619.5332
2026-03-22 17:35:00,2081.61,2081.65,2081.0,2081.26,16.11,33530.8899
2026-03-22 17:36:00,2081.26,2081.26,2080.0,2080.28,44.44,92472.7501
2026-03-22 17:37:00,2080.28,2080.62,2078.58,2079.17,288.86,600598.5991
2026-03-22 17:38:00,2079.17,2079.79,2077.7,2078.08,222.78,463040.7104
2026-03-22 17:39:00,2078.08,2079.33,2077.21,2077.52,207.0,430123.9031
2026-03-22 17:40:00,2077.52,2077.53,2076.2,2076.48,466.57,969005.636
2026-03-22 17:41:00,2076.48,2077.65,2076.05,2077.65,158.13,328395.6121
2026-03-22 17:42:00,2077.65,2078.2,2077.49,2078.09,78.28,162658.4808
2026-03-22 17:43:00,2078.09,2078.28,2077.56,2077.78,66.24,137642.9805
2026-03-22 17:44:00,2077.78,2078.14,2077.34,2077.44,57.39,119242.5765
2026-03-22 17:45:00,2077.44,2078.18,2077.44,2078.0,129.77,269651.4884
2026-03-22 17:46:00,2078.0,2079.66,2077.71,2077.93,162.21,337162.1315
2026-03-22 17:47:00,2077.93,2078.24,2077.56,2077.92,86.57,179880.731
2026-03-22 17:48:00,2077.92,2078.4,2077.78,2078.29,167.16,347363.6644
2026-03-22 17:49:00,2078.29,2078.29,2077.61,2077.72,101.72,211349.7427
2026-03-22 17:50:00,2077.72,2079.21,2077.65,2079.21,73.95,153719.4711
2026-03-22 17:51:00,2079.21,2080.75,2078.84,2079.44,1396.32,2904184.4211
2026-03-22 17:52:00,2079.44,2079.44,2078.93,2079.25,155.5,323313.7594
2026-03-22 17:53:00,2079.25,2079.25,2078.7,2078.99,93.56,194502.4176
2026-03-22 17:54:00,2078.99,2079.7,2078.98,2079.7,31.31,65103.2054
2026-03-22 17:55:00,2079.7,2080.42,2079.7,2080.02,127.77,265776.5235
2026-03-22 17:56:00,2080.02,2080.36,2080.01,2080.12,106.26,221044.921
2026-03-22 17:57:00,2080.12,2080.23,2079.71,2080.07,84.41,175577.68
2026-03-22 17:58:00,2080.07,2080.49,2079.96,2079.96,41.78,86914.142
2026-03-22 17:59:00,2079.96,2079.97,2078.58,2078.58,66.2,137632.7752
2026-03-22 18:00:00,2078.58,2078.58,2076.58,2076.96,515.9,1071618.4982
2026-03-22 18:01:00,2076.96,2076.96,2074.45,2074.97,681.88,1415469.6503
2026-03-22 18:02:00,2074.97,2075.66,2074.3,2075.4,187.03,388045.8618
2026-03-22 18:03:00,2075.4,2076.62,2075.18,2076.49,229.0,475391.5416
2026-03-22 18:04:00,2076.49,2076.49,2075.56,2076.07,227.06,471378.9456
2026-03-22 18:05:00,2076.07,2076.93,2075.85,2076.93,56.6,117518.3809
2026-03-22 18:06:00,2076.93,2077.15,2076.75,2077.14,34.75,72174.8376
2026-03-22 18:07:00,2077.14,2077.85,2076.68,2077.65,72.0,149563.474
2026-03-22 18:08:00,2077.65,2078.51,2077.62,2077.63,83.88,174309.7686
2026-03-22 18:09:00,2077.63,2078.44,2077.35,2078.44,65.82,136765.3671
2026-03-22 18:10:00,2078.44,2079.1,2078.43,2079.09,42.49,88328.3144
2026-03-22 18:11:00,2079.09,2079.46,2078.95,2079.46,127.77,265651.1629
2026-03-22 18:12:00,2079.46,2079.46,2078.57,2078.61,70.86,147302.9759
2026-03-22 18:13:00,2078.61,2079.24,2078.61,2079.03,76.71,159488.8461
2026-03-22 18:14:00,2079.03,2079.16,2078.6,2079.14,142.33,295887.4015
2026-03-22 18:15:00,2079.14,2079.22,2078.26,2078.3,52.66,109478.8242
2026-03-22 18:16:00,2078.3,2078.31,2077.27,2077.56,250.2,519847.1448
2026-03-22 18:17:00,2077.56,2077.93,2076.79,2077.0,177.2,368052.4117
2026-03-22 18:18:00,2077.0,2078.7,2076.99,2077.81,224.83,467080.0846
2026-03-22 18:19:00,2077.81,2077.99,2077.56,2077.75,117.98,245134.9632
2026-03-22 18:20:00,2077.75,2078.48,2077.75,2077.92,85.14,176924.5082
2026-03-22 18:21:00,2077.92,2077.92,2076.81,2076.81,166.22,345284.4955
2026-03-22 18:22:00,2076.81,2076.81,2076.03,2076.32,104.87,217742.3618
2026-03-22 18:23:00,2076.32,2077.3,2076.32,2076.94,445.79,925869.9136
2026-03-22 18:24:00,2076.94,2077.4,2076.62,2076.62,142.65,296316.4338
2026-03-22 18:25:00,2076.62,2076.81,2075.69,2076.81,269.87,560345.4306
2026-03-22 18:26:00,2076.81,2077.46,2076.68,2077.41,170.41,353942.3814
2026-03-22 18:27:00,2077.41,2077.43,2076.9,2076.91,45.73,94990.607
2026-03-22 18:28:00,2076.91,2077.88,2076.91,2077.2,161.08,334645.729
2026-03-22 18:29:00,2077.2,2077.49,2077.12,2077.49,48.82,101408.725
2026-03-22 18:30:00,2077.49,2079.12,2077.01,2079.11,250.03,519571.2254
2026-03-22 18:31:00,2079.11,2079.15,2077.68,2077.68,96.68,200968.0418
2026-03-22 18:32:00,2077.68,2077.68,2075.81,2076.16,78.97,163988.5431
2026-03-22 18:33:00,2076.16,2076.16,2072.24,2073.02,1323.87,2745736.0106
2026-03-22 18:34:00,2073.02,2074.08,2067.3,2068.14,3175.32,6570242.3986
2026-03-22 18:35:00,2068.14,2070.65,2066.0,2069.33,3315.32,6857557.2766
2026-03-22 18:36:00,2069.33,2069.33,2053.67,2062.46,26166.16,53888481.5067
2026-03-22 18:37:00,2062.46,2064.24,2061.31,2063.13,6019.8,12416273.6786
2026-03-22 18:38:00,2063.13,2065.82,2062.34,2064.07,3398.09,7014225.4577
2026-03-22 18:39:00,2064.07,2065.7,2063.62,2063.77,1103.41,2278326.7898
2026-03-22 18:40:00,2063.77,2064.98,2062.9,2064.29,895.32,1847522.928
2026-03-22 18:41:00,2064.29,2065.0,2063.73,2064.79,667.67,1378309.4232
2026-03-22 18:42:00,2064.79,2065.98,2064.78,2065.59,769.58,1589544.3728
2026-03-22 18:43:00,2065.59,2065.99,2064.83,2065.31,232.53,480275.8832
2026-03-22 18:44:00,2065.31,2065.52,2063.99,2064.11,552.12,1140044.1894
2026-03-22 18:45:00,2064.11,2064.75,2063.24,2064.41,157.95,325993.4632
2026-03-22 18:46:00,2064.41,2067.91,2064.1,2067.23,2096.78,4333848.8383
2026-03-22 18:47:00,2067.23,2067.95,2066.7,2067.16,367.38,759524.2404
2026-03-22 18:48:00,2067.16,2068.44,2066.89,2068.28,138.28,285904.7707
2026-03-22 18:49:00,2068.28,2068.57,2067.92,2068.39,375.12,775845.381
2026-03-22 18:50:00,2068.39,2069.4,2068.18,2069.4,372.18,769960.318
2026-03-22 18:51:00,2069.4,2070.41,2066.9,2069.24,1901.14,3931456.1588
2026-03-22 18:52:00,2069.24,2070.18,2069.24,2069.44,185.1,383114.9734
2026-03-22 18:53:00,2069.44,2069.8,2069.2,2069.2,158.13,327260.8632
2026-03-22 18:54:00,2069.2,2069.2,2068.0,2068.28,99.05,204913.4992
2026-03-22 18:55:00,2068.28,2068.29,2067.68,2068.28,154.26,319012.5071
2026-03-22 18:56:00,2068.28,2068.74,2067.83,2067.88,192.33,397812.4095
2026-03-22 18:57:00,2067.88,2068.18,2067.32,2068.18,327.68,677501.2316
2026-03-22 18:58:00,2068.18,2069.06,2068.17,2069.06,86.37,178648.6649
2026-03-22 18:59:00,2069.06,2071.7,2068.85,2070.85,674.93,1397474.6068
2026-03-22 19:00:00,2070.85,2071.7,2070.0,2070.29,328.25,679774.6781
2026-03-22 19:01:00,2070.29,2070.6,2068.93,2068.95,158.33,327747.0959
2026-03-22 19:02:00,2068.95,2069.18,2067.17,2068.15,588.51,1217156.3198
2026-03-22 19:03:00,2068.15,2068.65,2064.12,2064.43,1022.61,2112511.2241
2026-03-22 19:04:00,2064.43,2064.43,2059.8,2062.81,1988.23,4099732.6415
2026-03-22 19:05:00,2062.81,2065.74,2062.44,2065.29,1008.87,2082641.8983
2026-03-22 19:06:00,2065.29,2065.3,2064.63,2065.18,161.89,334293.2858
2026-03-22 19:07:00,2065.18,2065.18,2064.1,2064.97,97.44,201174.4211
2026-03-22 19:08:00,2064.97,2064.97,2063.2,2063.66,423.38,873889.6779
2026-03-22 19:09:00,2063.66,2065.19,2063.66,2064.81,105.48,217784.8525
2026-03-22 19:10:00,2064.81,2065.78,2063.67,2063.67,209.59,432858.229
2026-03-22 19:11:00,2063.67,2064.14,2063.0,2063.11,436.05,899770.7302
2026-03-22 19:12:00,2063.11,2063.77,2060.11,2061.17,4512.92,9310730.8742
2026-03-22 19:13:00,2061.17,2062.84,2060.35,2062.21,1413.22,2913366.2174
2026-03-22 19:14:00,2062.21,2062.89,2058.09,2059.98,2047.08,4216761.6275
2026-03-22 19:15:00,2059.98,2062.17,2059.97,2062.1,193.14,398095.2078
2026-03-22 19:16:00,2062.1,2062.42,2060.27,2060.27,326.03,672265.2819
2026-03-22 19:17:00,2060.27,2061.59,2059.68,2060.99,777.95,1603271.8973
2026-03-22 19:18:00,2060.99,2061.5,2057.2,2058.58,1126.04,2318866.6032
2026-03-22 19:19:00,2058.58,2060.74,2058.16,2060.65,337.56,695345.9825
2026-03-22 19:20:00,2060.65,2061.16,2059.72,2060.55,190.81,393122.2859
2026-03-22 19:21:00,2060.55,2061.95,2059.0,2061.68,825.39,1700899.2442
2026-03-22 19:22:00,2061.68,2061.68,2057.79,2058.71,922.5,1899831.9675
2026-03-22 19:23:00,2058.71,2060.8,2058.71,2060.79,120.2,247585.9821
2026-03-22 19:24:00,2060.79,2061.5,2060.59,2060.99,378.57,780296.1311
2026-03-22 19:25:00,2060.99,2061.35,2059.6,2060.09,335.06,690221.3102
2026-03-22 19:26:00,2060.09,2060.66,2060.04,2060.04,47.19,97223.6892
2026-03-22 19:27:00,2060.04,2060.46,2059.82,2060.0,280.86,578608.6835
2026-03-22 19:28:00,2060.0,2061.5,2060.0,2060.29,164.92,339851.2604
2026-03-22 19:29:00,2060.29,2060.64,2058.24,2058.26,446.16,918942.8065
2026-03-22 19:30:00,2058.26,2059.1,2056.4,2058.04,1388.53,2857230.3979
2026-03-22 19:31:00,2058.04,2058.04,2055.21,2055.28,902.54,1855729.9747
2026-03-22 19:32:00,2055.28,2055.3,2051.94,2053.89,5103.21,10480259.6703
2026-03-22 19:33:00,2053.89,2055.29,2053.89,2054.81,572.25,1175805.9007
2026-03-22 19:34:00,2054.81,2059.36,2054.33,2059.36,1194.07,2455669.0538
2026-03-22 19:35:00,2059.36,2063.4,2059.24,2062.7,1911.47,3940512.4849
2026-03-22 19:36:00,2062.7,2063.1,2061.8,2062.4,354.82,731822.3739
2026-03-22 19:37:00,2062.4,2063.0,2062.4,2062.78,115.41,238072.4688
2026-03-22 19:38:00,2062.78,2063.19,2062.63,2063.18,348.95,719841.03
2026-03-22 19:39:00,2063.18,2065.0,2063.18,2065.0,752.95,1554545.5008
2026-03-22 19:40:00,2065.0,2066.6,2064.3,2066.4,427.75,883528.5588
2026-03-22 19:41:00,2066.4,2066.4,2064.22,2064.47,289.34,597633.6623
2026-03-22 19:42:00,2064.47,2064.48,2063.75,2064.05,114.79,236949.2739
2026-03-22 19:43:00,2064.05,2064.31,2064.04,2064.31,6.19,12776.7539
